"epochs","BARTMean","BARTsd","MIMean","MIsd","GPMean","GPsd","actual","runtimeBART","runtimeMI","runtimeGP"
1,-0.147543177899483,0.0399058920478385,-0.323560831860743,NA,-0.0852328158246873,0.0227967442911624,-0.0892069035716484,5293.11,0.0700000000006185,744.231000000001
2,-0.150458232375306,0.0365208146508914,-0.532541393279976,0.649808962519763,-0.0805205829702818,0.0223742301950422,-0.0892069035716484,5293.11,0.0700000000006185,744.231000000001
3,-0.154796097583709,0.0398394132841735,0.0465185099354393,0.975238207034629,-0.0854213400154538,0.0220441542984096,-0.0892069035716484,5293.11,0.0700000000006185,744.231000000001
4,-0.151360164403989,0.0344091441854045,-0.0680390080631701,0.711038640849984,-0.0860635170711983,0.0219241256133156,-0.0892069035716484,5293.11,0.0700000000006185,744.231000000001
5,-0.143763566314845,0.0378207455395907,-0.234124508172662,0.701020246651793,-0.0860683280310046,0.0218540994010516,-0.0892069035716484,5293.11,0.0700000000006185,744.231000000001
6,-0.153030068448286,0.0408351351643177,-0.0184036621592918,0.783996978794015,-0.0840716821471776,0.0217668388243482,-0.0892069035716484,5293.11,0.0700000000006185,744.231000000001
7,-0.151692007976439,0.0375965662938562,-0.307526672453839,0.721693641023506,-0.0862879691510563,0.021710326757736,-0.0892069035716484,5293.11,0.0700000000006185,744.231000000001
8,-0.15716721793853,0.0378433846116682,-0.37726898416469,0.746133305031033,-0.0854719862120645,0.0216719505113517,-0.0892069035716484,5293.11,0.0700000000006185,744.231000000001
9,-0.154398619964428,0.0352627015840302,0.138075875139898,0.892275114028505,-0.0858826559008169,0.0216405237222509,-0.0892069035716484,5293.11,0.0700000000006185,744.231000000001
10,-0.156221081337529,0.0430022988704862,-0.058817758307228,0.705736242395405,-0.0853615387075837,0.0216158971118719,-0.0892069035716484,5293.11,0.0700000000006185,744.231000000001
11,-0.150069309608376,0.0364763586863298,-0.148697555363793,0.811226731265409,-0.0856172759073361,0.0215863606826443,-0.0892069035716484,5293.11,0.0700000000006185,744.231000000001
12,-0.153441070602184,0.0314548136529569,-0.285018020798628,0.782787046221442,-0.0864241298522175,0.0215569776398812,-0.0892069035716484,5293.11,0.0700000000006185,744.231000000001
13,-0.157461195288501,0.0389171729785211,0.287383232531446,0.689845137427031,-0.0864246628438095,0.0215206855791173,-0.0892069035716484,5293.11,0.0700000000006185,744.231000000001
14,-0.153238856935311,0.0395109248816759,-0.0774148870500479,0.721362486391045,-0.0906099417549964,0.0214847774884154,-0.0892069035716484,5293.11,0.0700000000006185,744.231000000001
15,-0.156647293563145,0.0293705970235037,-0.233920448237985,0.666469415286368,-0.0912729342717455,0.0214578209217083,-0.0892069035716484,5293.11,0.0700000000006185,744.231000000001
16,-0.144604910235354,0.0372595527396292,-0.124572592846173,0.657154272816939,-0.0920196599041176,0.0214437654931667,-0.0892069035716484,5293.11,0.0700000000006185,744.231000000001
17,-0.14188081499901,0.0349957080763196,-0.190328504571394,0.722929932885185,-0.0915323814375655,0.0214214719494835,-0.0892069035716484,5293.11,0.0700000000006185,744.231000000001
18,-0.162145740508932,0.0375460712092508,-0.0905149434307928,0.503150273110666,-0.0925373821977091,0.0214045828157891,-0.0892069035716484,5293.11,0.0700000000006185,744.231000000001
19,-0.142045690020631,0.0383561563263559,-0.229425666929374,0.641076726916643,-0.0925249155486488,0.0213898946634693,-0.0892069035716484,5293.11,0.0700000000006185,744.231000000001
20,-0.149336591786643,0.0350371712261802,0.0028117979339949,0.646717432832535,-0.093421681589076,0.021381040631909,-0.0892069035716484,5293.11,0.0700000000006185,744.231000000001
21,-0.144745741720612,0.0312523918772327,-0.336413811388799,0.506244206834903,-0.0936062374711277,0.0213696501657941,-0.0892069035716484,5293.11,0.0700000000006185,744.231000000001
22,-0.149821202545123,0.0319441655152058,-0.128536935309371,0.69908519909245,-0.0932764953652829,0.0213484352588347,-0.0892069035716484,5293.11,0.0700000000006185,744.231000000001
23,-0.152161879114149,0.0321940476812348,0.0330685009935342,0.536534880242678,-0.0930240090614687,0.0213331615960904,-0.0892069035716484,5293.11,0.0700000000006185,744.231000000001
24,-0.148588792678333,0.0307308559137802,-0.306096586747371,0.638265263934748,-0.0934111582888248,0.0213219831797307,-0.0892069035716484,5293.11,0.0700000000006185,744.231000000001
25,-0.150209293315963,0.0385143115171337,-0.150323371887107,0.609884705660562,-0.0928993780759462,0.0213138394982596,-0.0892069035716484,5293.11,0.0700000000006185,744.231000000001
26,-0.133433172812508,0.034978666690542,-0.126611909043136,0.647024130270899,-0.0917804586911544,0.0213076703944277,-0.0892069035716484,5293.11,0.0700000000006185,744.231000000001
27,-0.141761795719119,0.03036737560084,-0.0799779162317433,0.811958018716986,-0.0924805380544855,0.0212937454202364,-0.0892069035716484,5293.11,0.0700000000006185,744.231000000001
28,-0.139793248067944,0.0330363604741832,0.233625773293377,0.741091952767459,-0.0922903608822983,0.021286685330406,-0.0892069035716484,5293.11,0.0700000000006185,744.231000000001
29,-0.132789000833897,0.0286347093501109,-0.0158780484206141,0.659065967043402,-0.0920578000137019,0.0212794864366769,-0.0892069035716484,5293.11,0.0700000000006185,744.231000000001
30,-0.140805301004703,0.0310786281669969,0.0111169865171145,0.716550378183314,-0.09259816731086,0.0212746161771672,-0.0892069035716484,5293.11,0.0700000000006185,744.231000000001
31,-0.136484337365579,0.033491651597478,-0.0325976142075568,0.659464894980384,-0.0921560829397516,0.0212652724661827,-0.0892069035716484,5293.11,0.0700000000006185,744.231000000001
32,-0.133727055458368,0.0401002676054189,-0.00820248433823571,0.679300032567014,-0.0920930226889418,0.0212574854164409,-0.0892069035716484,5293.11,0.0700000000006185,744.231000000001
33,-0.138655248034029,0.0286230197273693,-0.0231808041127558,0.67296127630738,-0.0921571363690557,0.0212521745910285,-0.0892069035716484,5293.11,0.0700000000006185,744.231000000001
34,-0.132197186124019,0.0292248161012858,0.128048114003164,0.657375949674412,-0.0923165829923329,0.0212471137253031,-0.0892069035716484,5293.11,0.0700000000006185,744.231000000001
35,-0.129480984847244,0.0289108160690958,0.0105828061520853,0.71215159187062,-0.0923212743553671,0.0212424821073105,-0.0892069035716484,5293.11,0.0700000000006185,744.231000000001
36,-0.131888131052115,0.0282511722100077,-0.247351082920785,0.711428577518502,-0.0916632683821614,0.021235845100401,-0.0892069035716484,5293.11,0.0700000000006185,744.231000000001
37,-0.137863785130871,0.0329620474002907,0.119417796867529,0.689229590938759,-0.0912848707206244,0.0212310051255455,-0.0892069035716484,5293.11,0.0700000000006185,744.231000000001
38,-0.138932859858575,0.0362446879273648,-0.254367841634307,0.723388741120223,-0.0894464832461792,0.0212212471022798,-0.0892069035716484,5293.11,0.0700000000006185,744.231000000001
39,-0.126745002082267,0.0345214669214017,-0.0692106820869911,0.691088043748227,-0.0891828235314573,0.0212190169319308,-0.0892069035716484,5293.11,0.0700000000006185,744.231000000001
40,-0.128885005301912,0.033668191423299,-0.143612174357127,0.717361464818938,-0.0894430206571304,0.0212165871962895,-0.0892069035716484,5293.11,0.0700000000006185,744.231000000001
41,-0.118744557709024,0.033458615691553,0.0875791136716981,0.645855252576722,-0.0892358188368547,0.0212132882087058,-0.0892069035716484,5293.11,0.0700000000006185,744.231000000001
42,-0.124911129919779,0.0390407799984527,-0.162242445212891,0.674297688767298,-0.0894020027931317,0.0212104234545271,-0.0892069035716484,5293.11,0.0700000000006185,744.231000000001
43,-0.127016206714494,0.0346581189373733,0.0224592593243084,0.729644771523829,-0.0892687444658313,0.0212080813185184,-0.0892069035716484,5293.11,0.0700000000006185,744.231000000001
44,-0.133147727244573,0.027423132235861,-0.189263397222507,0.690303545969094,-0.0891039479638946,0.0212058961649493,-0.0892069035716484,5293.11,0.0700000000006185,744.231000000001
45,-0.1193730369854,0.0359775890823604,0.207207825270812,0.674910249831313,-0.0889056572966123,0.0212026628691791,-0.0892069035716484,5293.11,0.0700000000006185,744.231000000001
46,-0.123444822972016,0.029805701008922,-0.0465116970052011,0.713395524262126,-0.0887712874289601,0.0211999976027749,-0.0892069035716484,5293.11,0.0700000000006185,744.231000000001
47,-0.11650040178647,0.0329571116150969,-0.313525386567445,0.702123100545771,-0.0890578628586134,0.0211978098303809,-0.0892069035716484,5293.11,0.0700000000006185,744.231000000001
48,-0.117371203215272,0.0299106814469193,-0.134449209860203,0.718606760093124,-0.0884121333555576,0.0211949250266997,-0.0892069035716484,5293.11,0.0700000000006185,744.231000000001
49,-0.115959405824909,0.0388408873749187,0.0665270043122302,0.656712409421623,-0.0884467655989571,0.0211923530029567,-0.0892069035716484,5293.11,0.0700000000006185,744.231000000001
50,-0.120957574569613,0.0338757552555128,0.0842654385216039,0.705079845960646,-0.0883070733505973,0.0211901816464408,-0.0892069035716484,5293.11,0.0700000000006185,744.231000000001
51,-0.114835755631676,0.0341137686321874,-0.100892530554549,0.763726047312518,-0.0884928174382225,0.021187091365139,-0.0892069035716484,5293.11,0.0700000000006185,744.231000000001
52,-0.1154532597579,0.0293901960703987,-0.232328082082756,0.643174245723653,-0.0887257255048248,0.0211851674196208,-0.0892069035716484,5293.11,0.0700000000006185,744.231000000001
53,-0.118682129688307,0.0272898516081876,-0.114685748879716,0.678924025551797,-0.0886486964870397,0.0211833500434147,-0.0892069035716484,5293.11,0.0700000000006185,744.231000000001
54,-0.115890184252684,0.0327306529541442,-0.227284460411176,0.734098994660316,-0.0885359552970604,0.021182000066992,-0.0892069035716484,5293.11,0.0700000000006185,744.231000000001
55,-0.127745618933147,0.030112480696537,-0.286213656848016,0.648020567943644,-0.0886278572824695,0.0211799198186281,-0.0892069035716484,5293.11,0.0700000000006185,744.231000000001
56,-0.132329252657906,0.0301425724400502,-0.270814291274475,0.685942870592281,-0.088686214496953,0.0211780430254787,-0.0892069035716484,5293.11,0.0700000000006185,744.231000000001
57,-0.123153832629469,0.0281506926968928,0.068019703566033,0.703129117712746,-0.0887746503647566,0.0211765830780958,-0.0892069035716484,5293.11,0.0700000000006185,744.231000000001
58,-0.124693037990836,0.0330298158109701,-0.157360108019468,0.68336499312354,-0.0886424658049392,0.0211754982983243,-0.0892069035716484,5293.11,0.0700000000006185,744.231000000001
59,-0.121690803320568,0.0276382816526074,0.0111674714985951,0.660575020718182,-0.0882463594118539,0.0211742257083726,-0.0892069035716484,5293.11,0.0700000000006185,744.231000000001
60,-0.132678746799498,0.031120482346408,-0.139475053769229,0.734886709362134,-0.088558110774354,0.0211731184778747,-0.0892069035716484,5293.11,0.0700000000006185,744.231000000001
61,-0.119283293217973,0.0327573624654389,-0.0175442100042184,0.73710636999308,-0.0885000839768715,0.0211720637075664,-0.0892069035716484,5293.11,0.0700000000006185,744.231000000001
62,-0.125571741044253,0.0326274084497821,-0.128000579214317,0.719795767724612,-0.0888586664426345,0.0211701195516896,-0.0892069035716484,5293.11,0.0700000000006185,744.231000000001
63,-0.1225554761606,0.029151492404056,-0.0908171673760723,0.692139675664265,-0.0891101294764169,0.0211691646749234,-0.0892069035716484,5293.11,0.0700000000006185,744.231000000001
64,-0.13228709333421,0.0290950621621071,-0.0576555768534348,0.679766900965144,-0.0891918130436511,0.0211681564180349,-0.0892069035716484,5293.11,0.0700000000006185,744.231000000001
65,-0.120764887556252,0.0338447739164525,-0.102070561652493,0.675206050634378,-0.0890155108945772,0.0211667654827513,-0.0892069035716484,5293.11,0.0700000000006185,744.231000000001
66,-0.120464575295401,0.0360467546167474,-0.0619285426627782,0.735805219741283,-0.0888810823417145,0.0211658333966289,-0.0892069035716484,5293.11,0.0700000000006185,744.231000000001
67,-0.112969841140951,0.0275304556458653,-0.0627206897137984,0.702007616273481,-0.0892375457428241,0.0211651325598918,-0.0892069035716484,5293.11,0.0700000000006185,744.231000000001
68,-0.115052018273527,0.026040203282157,-0.0682236771299179,0.717447715200382,-0.0892129237799659,0.0211643430774264,-0.0892069035716484,5293.11,0.0700000000006185,744.231000000001
69,-0.110332024224773,0.0289852087809845,-0.117950036568292,0.68062256704741,-0.0893479968858095,0.0211635910796389,-0.0892069035716484,5293.11,0.0700000000006185,744.231000000001
70,-0.115720593818175,0.0289232674574024,-0.016355454416843,0.698987046905959,-0.0895704881000379,0.0211626752122154,-0.0892069035716484,5293.11,0.0700000000006185,744.231000000001
71,-0.122001935416033,0.0302142017417826,-0.0810931933332026,0.759438245575881,-0.0898182271460257,0.0211617716060097,-0.0892069035716484,5293.11,0.0700000000006185,744.231000000001
72,-0.114307001879117,0.0317308368564167,-0.17383408892565,0.717775560148066,-0.0897457855354018,0.0211611368452215,-0.0892069035716484,5293.11,0.0700000000006185,744.231000000001
73,-0.111359681418677,0.025472826589932,-0.136752097976516,0.678901218296818,-0.0897911390591868,0.0211602672523044,-0.0892069035716484,5293.11,0.0700000000006185,744.231000000001
74,-0.121728552624778,0.0287341581896883,-0.0254526491079557,0.750159527535378,-0.0898585232740117,0.0211593567398224,-0.0892069035716484,5293.11,0.0700000000006185,744.231000000001
75,-0.121340979344947,0.0275634514531781,-0.141987929453434,0.701524095285941,-0.0897901731192867,0.0211586465540134,-0.0892069035716484,5293.11,0.0700000000006185,744.231000000001
76,-0.124094816037747,0.0269100844934601,-0.132182096429009,0.672462631923336,-0.089830335972251,0.0211578872075049,-0.0892069035716484,5293.11,0.0700000000006185,744.231000000001
77,-0.117161248895337,0.0260830940810865,-0.163817075916672,0.686003304556351,-0.0899306116995895,0.0211572658009115,-0.0892069035716484,5293.11,0.0700000000006185,744.231000000001
78,-0.110581548243514,0.0269012001785942,-0.11343356979681,0.714292374817176,-0.0899918846985854,0.0211566404886406,-0.0892069035716484,5293.11,0.0700000000006185,744.231000000001
79,-0.109103616845866,0.0240328569599948,-0.114485319587771,0.704454307354935,-0.0900393840660647,0.0211559668364722,-0.0892069035716484,5293.11,0.0700000000006185,744.231000000001
80,-0.114828208116768,0.0278169224533594,-0.103226094821001,0.684629819228277,-0.0905031353149468,0.0211552069534373,-0.0892069035716484,5293.11,0.0700000000006185,744.231000000001
81,-0.113337031643799,0.0253075283012386,-0.124927297217151,0.662498097310434,-0.0905817742798671,0.0211544222501643,-0.0892069035716484,5293.11,0.0700000000006185,744.231000000001
82,-0.113215973944551,0.0259173565175458,-0.0297949072169977,0.695531729511881,-0.0901544021104357,0.0211538778100646,-0.0892069035716484,5293.11,0.0700000000006185,744.231000000001
83,-0.109442799239484,0.0262945927514865,-0.0170241108422805,0.698417593898538,-0.0902568121114626,0.021153475965586,-0.0892069035716484,5293.11,0.0700000000006185,744.231000000001
84,-0.104360151776689,0.0265378410812007,-0.149558260514712,0.684290613516258,-0.0899870908590934,0.0211527732272865,-0.0892069035716484,5293.11,0.0700000000006185,744.231000000001
85,-0.108032945755384,0.0307346596410617,-0.133153153768665,0.70275517599401,-0.0899391581436131,0.0211519538502386,-0.0892069035716484,5293.11,0.0700000000006185,744.231000000001
86,-0.0985492488302359,0.0258537026887939,-0.119925573080287,0.689787163614745,-0.0897448502682749,0.021151332579501,-0.0892069035716484,5293.11,0.0700000000006185,744.231000000001
87,-0.108682623733612,0.028302093097669,-0.188136886902222,0.732725038514357,-0.0896186804795995,0.0211506747645261,-0.0892069035716484,5293.11,0.0700000000006185,744.231000000001
88,-0.114148874227373,0.0331146763673341,-0.187841867382407,0.641877009770154,-0.089610717996507,0.021150254511272,-0.0892069035716484,5293.11,0.0700000000006185,744.231000000001
89,-0.106736725888669,0.0271544972911388,-0.0284023393730034,0.698643749033287,-0.0895589089308464,0.021149857021996,-0.0892069035716484,5293.11,0.0700000000006185,744.231000000001
90,-0.107434176052955,0.026030968095265,-0.10818051990137,0.668277276797686,-0.089497785705376,0.0211494143977957,-0.0892069035716484,5293.11,0.0700000000006185,744.231000000001
91,-0.108009505492382,0.0305305031110657,-0.133056393573579,0.676418355262426,-0.0896524683741067,0.0211488464918988,-0.0892069035716484,5293.11,0.0700000000006185,744.231000000001
92,-0.107669385473324,0.0299927360071144,0.0379247543783337,0.635975423455806,-0.0896325492679699,0.021148433317675,-0.0892069035716484,5293.11,0.0700000000006185,744.231000000001
93,-0.0976227872329866,0.0292460926576689,-0.225675094127424,0.686750674387268,-0.0896964241924856,0.021148068328747,-0.0892069035716484,5293.11,0.0700000000006185,744.231000000001
94,-0.099877354446632,0.0231590021504265,-0.136431425502568,0.67072980386236,-0.0897481801578284,0.0211475793894643,-0.0892069035716484,5293.11,0.0700000000006185,744.231000000001
95,-0.105032694350267,0.0275873920677435,-0.12514082956158,0.634813533894491,-0.0897523178644966,0.0211470437326731,-0.0892069035716484,5293.11,0.0700000000006185,744.231000000001
96,-0.113729947136624,0.0252437591812473,-0.194697534569773,0.643608042905038,-0.0896466886419027,0.0211464620679286,-0.0892069035716484,5293.11,0.0700000000006185,744.231000000001
97,-0.104765528505861,0.0229361350506222,-0.0138923129454938,0.740200534575274,-0.089631777663026,0.0211460743652476,-0.0892069035716484,5293.11,0.0700000000006185,744.231000000001
98,-0.104042873426907,0.0267873104582981,-0.0219870547155395,0.646794831374707,-0.0897523137854694,0.0211454237516623,-0.0892069035716484,5293.11,0.0700000000006185,744.231000000001
99,-0.105247325445035,0.0299583208798713,-0.0754329090905246,0.656683852461618,-0.0896708502838894,0.0211450250489033,-0.0892069035716484,5293.11,0.0700000000006185,744.231000000001
100,-0.108675112310831,0.0255572216414012,-0.15901641930117,0.68205128456033,-0.0894788865206593,0.0211444434142359,-0.0892069035716484,5293.11,0.0700000000006185,744.231000000001
101,-0.11408758445841,0.0227673538867381,-0.0471196734748146,0.706733150821345,-0.0895726275715658,0.0211439734316393,-0.0892069035716484,5293.11,0.0700000000006185,744.231000000001
102,-0.109225301136095,0.0273817181304699,0.0516143715417705,0.709479079345968,-0.0895207752159424,0.0211436177749697,-0.0892069035716484,5293.11,0.0700000000006185,744.231000000001
103,-0.112545450939653,0.0259304480350852,-0.148042521243167,0.695002333847249,-0.089269523718766,0.0211432698481243,-0.0892069035716484,5293.11,0.0700000000006185,744.231000000001
104,-0.119157833824876,0.0234117292395123,-0.221774676105008,0.692514510483511,-0.0892463357211311,0.0211427407605591,-0.0892069035716484,5293.11,0.0700000000006185,744.231000000001
105,-0.118382885830619,0.028349121915332,-0.232591560854685,0.670332878229528,-0.0893705379149807,0.0211425314845526,-0.0892069035716484,5293.11,0.0700000000006185,744.231000000001
106,-0.109234623711494,0.0252278304150041,-0.164153836251098,0.684599566385637,-0.0893363213687088,0.0211422718044817,-0.0892069035716484,5293.11,0.0700000000006185,744.231000000001
107,-0.11043983572632,0.0253535895990428,-0.032348303835101,0.719818901932611,-0.0895144430814696,0.0211420276422842,-0.0892069035716484,5293.11,0.0700000000006185,744.231000000001
108,-0.123138062321736,0.0224648696542011,-0.0702254468071976,0.721270982175347,-0.0894386493686063,0.0211416123047066,-0.0892069035716484,5293.11,0.0700000000006185,744.231000000001
109,-0.116786002446712,0.0236121776750514,-0.00353359571154349,0.725004231155909,-0.0892777169813517,0.0211411915548675,-0.0892069035716484,5293.11,0.0700000000006185,744.231000000001
110,-0.118038999821406,0.0269336895105101,-0.132534393487253,0.71966562840213,-0.089408889962364,0.0211408516199176,-0.0892069035716484,5293.11,0.0700000000006185,744.231000000001
111,-0.118698089118937,0.0206417179763318,0.0353515174435704,0.7035082008967,-0.0892490893181694,0.0211406077709536,-0.0892069035716484,5293.11,0.0700000000006185,744.231000000001
112,-0.11183398322979,0.0238918366319722,-0.11964900228555,0.661774119900438,-0.0891221482679434,0.021140392808744,-0.0892069035716484,5293.11,0.0700000000006185,744.231000000001
113,-0.111211021433851,0.0261865971357043,-0.0371611661783615,0.649363536883197,-0.0892270075954711,0.0211400971289707,-0.0892069035716484,5293.11,0.0700000000006185,744.231000000001
114,-0.115620263551789,0.019979049104539,-0.214462975958528,0.704636382553059,-0.0892129022183394,0.0211398532219893,-0.0892069035716484,5293.11,0.0700000000006185,744.231000000001
115,-0.117369173431243,0.0255940443346436,-0.093282916997067,0.697177056802535,-0.0891975748450516,0.0211395225686483,-0.0892069035716484,5293.11,0.0700000000006185,744.231000000001
116,-0.114318422176874,0.0216150658941524,-0.100797454595349,0.659742027863482,-0.0891483846984347,0.0211393022981328,-0.0892069035716484,5293.11,0.0700000000006185,744.231000000001
117,-0.112347353567358,0.0246883597130922,-0.0534416194631416,0.74406846959882,-0.0890690485561194,0.0211390109073941,-0.0892069035716484,5293.11,0.0700000000006185,744.231000000001
118,-0.107711201831049,0.0200362908783099,0.0115499512148136,0.696409847524317,-0.0890742587284965,0.0211387650444714,-0.0892069035716484,5293.11,0.0700000000006185,744.231000000001
119,-0.1055700541095,0.0268767225589983,0.0414871753983936,0.696226741444269,-0.0890761205121622,0.021138606801104,-0.0892069035716484,5293.11,0.0700000000006185,744.231000000001
120,-0.110869605438918,0.019601159699052,-0.124167775681312,0.685810396059049,-0.089260744050101,0.0211384173498621,-0.0892069035716484,5293.11,0.0700000000006185,744.231000000001
121,-0.12139859119393,0.0239254594352478,-0.061657516035123,0.69616165558484,-0.0892989185520499,0.0211382870319901,-0.0892069035716484,5293.11,0.0700000000006185,744.231000000001
122,-0.114637203769888,0.0233314392850735,-0.198261405416252,0.67296988796808,-0.0892717066102815,0.0211381175669095,-0.0892069035716484,5293.11,0.0700000000006185,744.231000000001
123,-0.120001530942035,0.0282889026904586,-0.057520841265487,0.64461232393069,-0.0892670940976132,0.0211377516035031,-0.0892069035716484,5293.11,0.0700000000006185,744.231000000001
124,-0.116297681028991,0.0247436689707439,-0.0486958027719738,0.660737818932628,-0.0892637417566426,0.0211376363548415,-0.0892069035716484,5293.11,0.0700000000006185,744.231000000001
125,-0.119945129852211,0.0216291469956563,-0.0696999516812733,0.680418239914442,-0.0893492922650054,0.0211373407707576,-0.0892069035716484,5293.11,0.0700000000006185,744.231000000001
126,-0.122561641424517,0.0202542971818766,0.0632024558464145,0.697770900348616,-0.0894432151480942,0.0211371892877112,-0.0892069035716484,5293.11,0.0700000000006185,744.231000000001
127,-0.122759528636628,0.0241389719198339,-0.169748951643009,0.679306128091364,-0.0892978287987809,0.0211370254969682,-0.0892069035716484,5293.11,0.0700000000006185,744.231000000001
128,-0.123934241914717,0.0230633909899026,-0.120776215477773,0.683014349372277,-0.0892491287136519,0.0211368171411321,-0.0892069035716484,5293.11,0.0700000000006185,744.231000000001
129,-0.124006440297144,0.0240221027107367,-0.0413728274162656,0.722345209170805,-0.0892898375017142,0.0211366423301795,-0.0892069035716484,5293.11,0.0700000000006185,744.231000000001
130,-0.130885744426699,0.025897341264597,-0.12095030433924,0.706264126082749,-0.0893209990203021,0.0211364408921417,-0.0892069035716484,5293.11,0.0700000000006185,744.231000000001
131,-0.12173002327501,0.0237705154999556,-0.0645877152812471,0.68459407585512,-0.089290023872068,0.0211363048125518,-0.0892069035716484,5293.11,0.0700000000006185,744.231000000001
132,-0.120177100140195,0.0257026141607454,-0.21444693723658,0.661932737379796,-0.0893965972162398,0.021136135364233,-0.0892069035716484,5293.11,0.0700000000006185,744.231000000001
133,-0.125029461950092,0.0304503904608169,-0.126634517848884,0.672879941546249,-0.0894601295338546,0.0211359117809833,-0.0892069035716484,5293.11,0.0700000000006185,744.231000000001
134,-0.117954633245881,0.0219931074836123,-0.0167120096713482,0.701858259597279,-0.0895607139131975,0.0211358293224898,-0.0892069035716484,5293.11,0.0700000000006185,744.231000000001
135,-0.124808813143333,0.0214114233184605,-0.152955058985876,0.718119108238488,-0.0895887876659245,0.0211356826436389,-0.0892069035716484,5293.11,0.0700000000006185,744.231000000001
136,-0.122673800033211,0.0230091459289379,-0.017842959802051,0.70673977448766,-0.0895820911899832,0.0211355435704776,-0.0892069035716484,5293.11,0.0700000000006185,744.231000000001
137,-0.122515324619548,0.0231413224879944,-0.0797218864747211,0.666982335570001,-0.089630142323859,0.0211354280723605,-0.0892069035716484,5293.11,0.0700000000006185,744.231000000001
138,-0.115317723873197,0.0213844026338781,-0.170971910190241,0.713610865755457,-0.0896583622565554,0.021135304732931,-0.0892069035716484,5293.11,0.0700000000006185,744.231000000001
139,-0.127346506366937,0.0214086826234938,-0.0979164972584658,0.705531715843648,-0.0896566116021407,0.0211351269491918,-0.0892069035716484,5293.11,0.0700000000006185,744.231000000001
140,-0.126733143796347,0.020545558766427,-0.0575349834180223,0.703379683179896,-0.0897000328508639,0.0211349990535156,-0.0892069035716484,5293.11,0.0700000000006185,744.231000000001
141,-0.126949550739252,0.0203850670668292,-0.0452403009381105,0.738856841876377,-0.0897401636912214,0.0211349155070181,-0.0892069035716484,5293.11,0.0700000000006185,744.231000000001
142,-0.132066380036005,0.024717744725218,-0.159332305948341,0.713239162093108,-0.0897517887342953,0.0211348125701568,-0.0892069035716484,5293.11,0.0700000000006185,744.231000000001
143,-0.128439835026582,0.022220107517499,-0.0782449168666946,0.687211749305202,-0.0897226753493783,0.0211347207497788,-0.0892069035716484,5293.11,0.0700000000006185,744.231000000001
144,-0.1230915676115,0.0224537104404068,-0.0609524442448075,0.704558238260576,-0.0897561135156035,0.0211346042219994,-0.0892069035716484,5293.11,0.0700000000006185,744.231000000001
145,-0.124782088404532,0.0226589916128558,-0.0808438519846309,0.679035612482315,-0.0897726946909421,0.0211344971281468,-0.0892069035716484,5293.11,0.0700000000006185,744.231000000001
146,-0.12140039785959,0.020484564110641,-0.128162778112315,0.680393084616434,-0.0897908815420303,0.0211343697307644,-0.0892069035716484,5293.11,0.0700000000006185,744.231000000001
147,-0.1221254685761,0.0236339128319393,-0.141770434441256,0.710238949977411,-0.0897943026380507,0.0211342199961236,-0.0892069035716484,5293.11,0.0700000000006185,744.231000000001
148,-0.12826239779701,0.0237268377821691,-0.0724923863777521,0.708363932117948,-0.0897003493249642,0.0211341324900007,-0.0892069035716484,5293.11,0.0700000000006185,744.231000000001
149,-0.127448139993028,0.0243973013903984,-0.101279661024071,0.663845763343177,-0.0896583524823704,0.0211340183932635,-0.0892069035716484,5293.11,0.0700000000006185,744.231000000001
150,-0.125382361663773,0.0219274508057488,-0.0293355564480803,0.694550586859656,-0.089563907929799,0.0211338619946661,-0.0892069035716484,5293.11,0.0700000000006185,744.231000000001
151,-0.121042688540724,0.0199028498461821,-0.0774128012561278,0.692326372095886,-0.0895578965282082,0.021133759325926,-0.0892069035716484,5293.11,0.0700000000006185,744.231000000001
152,-0.126203163976266,0.0201232957993246,-0.192451942801223,0.651570268815783,-0.089527970633398,0.0211336404446279,-0.0892069035716484,5293.11,0.0700000000006185,744.231000000001
153,-0.125952187820372,0.0181960191253413,-0.0590868192533482,0.704332872022407,-0.0895443370743241,0.0211335022918695,-0.0892069035716484,5293.11,0.0700000000006185,744.231000000001
154,-0.124197694703645,0.0204049408336868,-0.0601562063335933,0.705368549073138,-0.0895141115433136,0.0211333847621068,-0.0892069035716484,5293.11,0.0700000000006185,744.231000000001
155,-0.117337925814327,0.0233865601610374,-0.0666797800282693,0.687444553782292,-0.0895386742254694,0.0211332434133536,-0.0892069035716484,5293.11,0.0700000000006185,744.231000000001
156,-0.120752781625236,0.0193609453293856,-0.00441032406839384,0.703465074540294,-0.0894957355155075,0.0211330925644623,-0.0892069035716484,5293.11,0.0700000000006185,744.231000000001
157,-0.119419153825129,0.0217293104350704,-0.0308507081446058,0.686637002269203,-0.0895463346541447,0.0211329690835722,-0.0892069035716484,5293.11,0.0700000000006185,744.231000000001
158,-0.119905849022854,0.0221348513536616,-0.0717843033337865,0.664862686808316,-0.0895581892046717,0.0211329050074752,-0.0892069035716484,5293.11,0.0700000000006185,744.231000000001
159,-0.11881910600034,0.019571279687671,-0.0653421120346846,0.712534373277603,-0.0895372854021428,0.0211328134509574,-0.0892069035716484,5293.11,0.0700000000006185,744.231000000001
160,-0.120562162461566,0.0192631299350404,-0.157025125143866,0.68965997967946,-0.0895042917004556,0.0211327384735296,-0.0892069035716484,5293.11,0.0700000000006185,744.231000000001
161,-0.124268153548966,0.0201439253854646,-0.0744203131545115,0.706525532701193,-0.0895558281473612,0.0211325896012548,-0.0892069035716484,5293.11,0.0700000000006185,744.231000000001
162,-0.11910691216203,0.0231148224358546,-0.0187222378957024,0.687902817446801,-0.0895494695755765,0.0211324943425721,-0.0892069035716484,5293.11,0.0700000000006185,744.231000000001
163,-0.12864882672092,0.0218212071140838,-0.137962579598079,0.693335305193957,-0.0896258435257451,0.0211323235393037,-0.0892069035716484,5293.11,0.0700000000006185,744.231000000001
164,-0.122315393247916,0.0209117568668701,-0.0848441334835634,0.716089435796693,-0.0895974512796656,0.0211322427437651,-0.0892069035716484,5293.11,0.0700000000006185,744.231000000001
165,-0.123609953150425,0.0217468135593233,-0.167807569061069,0.688077701157892,-0.0895670122795886,0.0211321438158719,-0.0892069035716484,5293.11,0.0700000000006185,744.231000000001
166,-0.123489006829767,0.0203802424672241,-0.0396502953612733,0.719008221384635,-0.0895088350245743,0.021132068856869,-0.0892069035716484,5293.11,0.0700000000006185,744.231000000001
167,-0.123180096255478,0.0210699982085142,-0.109717624404704,0.71131839455262,-0.0895125933269203,0.0211319997698978,-0.0892069035716484,5293.11,0.0700000000006185,744.231000000001
168,-0.126885524614832,0.0205280461536738,-0.0311569179499821,0.69589650988561,-0.0895027096506817,0.021131947904369,-0.0892069035716484,5293.11,0.0700000000006185,744.231000000001
169,-0.133237774872969,0.0178877736955376,0.0620928986516517,0.727651593482842,-0.0895356451531342,0.0211318990142927,-0.0892069035716484,5293.11,0.0700000000006185,744.231000000001
170,-0.125609248116118,0.0214033341242507,-0.0660236797223809,0.691569743726524,-0.0895659417166641,0.0211318376541044,-0.0892069035716484,5293.11,0.0700000000006185,744.231000000001
171,-0.130880285764302,0.0167580701612514,-0.135720342703783,0.721311880373197,-0.0895753423581844,0.0211317735324082,-0.0892069035716484,5293.11,0.0700000000006185,744.231000000001
172,-0.126812028672116,0.0220862006021339,-0.145965731285484,0.69840937588162,-0.0895546661089259,0.0211316803906407,-0.0892069035716484,5293.11,0.0700000000006185,744.231000000001
173,-0.131559754655661,0.0205399169922149,-0.0718623733820055,0.711616990486368,-0.0895277511792534,0.0211315624840123,-0.0892069035716484,5293.11,0.0700000000006185,744.231000000001
174,-0.127466784753683,0.0224538578581237,-0.081789705517478,0.645142818339032,-0.0895142006216467,0.0211314940693452,-0.0892069035716484,5293.11,0.0700000000006185,744.231000000001
175,-0.133485677459271,0.0228500233694503,-0.18139411039512,0.684752444111394,-0.0894978717891597,0.0211314473383389,-0.0892069035716484,5293.11,0.0700000000006185,744.231000000001
176,-0.129064032103435,0.024985106050544,-0.175727217555072,0.658885171322578,-0.0895011449173444,0.0211313550940204,-0.0892069035716484,5293.11,0.0700000000006185,744.231000000001
177,-0.130443685869667,0.0249018036529722,-0.0837975159192666,0.693173666791499,-0.0894930660103235,0.0211312698387732,-0.0892069035716484,5293.11,0.0700000000006185,744.231000000001
178,-0.134626716234554,0.0238386018262897,-0.0609163514245361,0.676884507232991,-0.0895209454026364,0.0211312201314057,-0.0892069035716484,5293.11,0.0700000000006185,744.231000000001
179,-0.128740815402097,0.0203955381406612,-0.0247642428936968,0.71463174735846,-0.0895333869891957,0.0211311370633569,-0.0892069035716484,5293.11,0.0700000000006185,744.231000000001
180,-0.129321949939813,0.0229759089674874,-0.0635105959973881,0.722749956632713,-0.0895381015546444,0.0211310652000484,-0.0892069035716484,5293.11,0.0700000000006185,744.231000000001
181,-0.131883071903277,0.0170381631819671,-0.0717497976750834,0.713731349797328,-0.0896300469330775,0.0211309673446494,-0.0892069035716484,5293.11,0.0700000000006185,744.231000000001
182,-0.126130651705952,0.0210131071975909,-0.0725451176360629,0.688558474823358,-0.0896656937214484,0.0211309001976647,-0.0892069035716484,5293.11,0.0700000000006185,744.231000000001
183,-0.127495493281336,0.0207847231994021,-0.163131388138968,0.680166670756471,-0.0896261535788607,0.0211308335028437,-0.0892069035716484,5293.11,0.0700000000006185,744.231000000001
184,-0.127414441508208,0.0166463405104967,-0.0940668982479268,0.668620841416259,-0.0896319371442433,0.0211307684115756,-0.0892069035716484,5293.11,0.0700000000006185,744.231000000001
185,-0.133492684325646,0.021198122771191,-0.0374530310726929,0.699675237890296,-0.0896175159952985,0.0211306949133329,-0.0892069035716484,5293.11,0.0700000000006185,744.231000000001
186,-0.129415696873913,0.0183227737142699,-0.150368596834047,0.663186696406436,-0.0896152366413456,0.0211306454611044,-0.0892069035716484,5293.11,0.0700000000006185,744.231000000001
187,-0.129014142273437,0.0213179961547147,-0.0895107984204895,0.713273033718145,-0.0895946526499101,0.0211305994099225,-0.0892069035716484,5293.11,0.0700000000006185,744.231000000001
188,-0.128233216697655,0.0235844152042669,-0.0430727269785258,0.703295718607467,-0.0895680320929539,0.0211305190487029,-0.0892069035716484,5293.11,0.0700000000006185,744.231000000001
189,-0.126642099731902,0.0201685518952091,-0.190085391678896,0.70413241941308,-0.0896411904446177,0.0211304221673824,-0.0892069035716484,5293.11,0.0700000000006185,744.231000000001
190,-0.127225088579977,0.0237009926256642,-0.107799369033378,0.680197084296431,-0.0895863536359656,0.0211303788694762,-0.0892069035716484,5293.11,0.0700000000006185,744.231000000001
191,-0.132768215854244,0.0207055222633272,-0.12816648242744,0.713994524677934,-0.0895436147081181,0.0211303191130478,-0.0892069035716484,5293.11,0.0700000000006185,744.231000000001
192,-0.133645941913819,0.0186625194401504,-0.176862812394745,0.680662423539338,-0.089497185846426,0.02113025876043,-0.0892069035716484,5293.11,0.0700000000006185,744.231000000001
193,-0.130363092114587,0.0177710181706866,0.00261129624629341,0.670907472929658,-0.0894943163091872,0.0211302084830059,-0.0892069035716484,5293.11,0.0700000000006185,744.231000000001
194,-0.130989528259337,0.0233935512713144,0.027332724891949,0.695412246537006,-0.089511799702878,0.0211301794865927,-0.0892069035716484,5293.11,0.0700000000006185,744.231000000001
195,-0.136035185231003,0.022986707615059,-0.115250114426578,0.682506199943268,-0.0895042525460568,0.0211301145263363,-0.0892069035716484,5293.11,0.0700000000006185,744.231000000001
196,-0.130619373445346,0.0244518931893639,-0.0802466518907946,0.693711883041738,-0.0894997469413794,0.0211300597789138,-0.0892069035716484,5293.11,0.0700000000006185,744.231000000001
197,-0.132288979300075,0.0216744805053974,-0.0624426130215304,0.708433253109991,-0.0894605223682277,0.0211300147878317,-0.0892069035716484,5293.11,0.0700000000006185,744.231000000001
198,-0.132007990176632,0.0213997922117259,-0.174652596439426,0.647526652362,-0.0894693276313649,0.0211299749473571,-0.0892069035716484,5293.11,0.0700000000006185,744.231000000001
199,-0.13346385235062,0.0179449674350368,-0.0468907099903032,0.67097034456921,-0.0894890150972962,0.0211299407452096,-0.0892069035716484,5293.11,0.0700000000006185,744.231000000001
200,-0.130222956071146,0.0234081637361932,-0.106170624258473,0.70891316925523,-0.0895210499828858,0.0211298889328993,-0.0892069035716484,5293.11,0.0700000000006185,744.231000000001
201,-0.129958019452175,0.0183568755439937,-0.102452542866602,0.672011044309081,-0.0895470915744259,0.021129842392267,-0.0892069035716484,5293.11,0.0700000000006185,744.231000000001
202,-0.125284254275303,0.0226844089337485,-0.0839278303532329,0.695894343623951,-0.0895807408199598,0.0211298139300707,-0.0892069035716484,5293.11,0.0700000000006185,744.231000000001
203,-0.125819880865608,0.0195945266133899,-0.119074861083234,0.702606037248331,-0.0896025143071952,0.0211297749078606,-0.0892069035716484,5293.11,0.0700000000006185,744.231000000001
204,-0.126260567254843,0.0176639956690745,-0.163171940197051,0.689674606035313,-0.0896441879186742,0.0211297128185907,-0.0892069035716484,5293.11,0.0700000000006185,744.231000000001
205,-0.12926425798141,0.0222264144418471,-0.042977241893646,0.683590779504567,-0.08964416106809,0.0211296644671953,-0.0892069035716484,5293.11,0.0700000000006185,744.231000000001
206,-0.13095004850559,0.0187507492014071,-0.143966955881384,0.687413838955483,-0.0895802642866101,0.0211296049249891,-0.0892069035716484,5293.11,0.0700000000006185,744.231000000001
207,-0.13287040604934,0.0227740281962223,-0.115917747863607,0.676508940972204,-0.0895728751534781,0.0211295690816617,-0.0892069035716484,5293.11,0.0700000000006185,744.231000000001
208,-0.125924129763569,0.0213914602367143,-0.0114062069031857,0.714379334946633,-0.0895687232964066,0.0211295135212253,-0.0892069035716484,5293.11,0.0700000000006185,744.231000000001
209,-0.129240240372167,0.0199222000253499,-0.0886903869219717,0.655466412103687,-0.0895450896528232,0.0211294725782535,-0.0892069035716484,5293.11,0.0700000000006185,744.231000000001
210,-0.129250209327364,0.0215070668603822,-0.088972809411957,0.673199833315278,-0.0895322960058778,0.021129450230359,-0.0892069035716484,5293.11,0.0700000000006185,744.231000000001
211,-0.126728137339701,0.016636207470901,-0.119618215208242,0.688699403393266,-0.0895418161574493,0.0211293995555675,-0.0892069035716484,5293.11,0.0700000000006185,744.231000000001
212,-0.129178071829849,0.0156859043852036,-0.0886889051093423,0.681721614214445,-0.0895888669475013,0.0211293613188908,-0.0892069035716484,5293.11,0.0700000000006185,744.231000000001
213,-0.126180054761258,0.0194171820936289,-0.111163396964209,0.703046546978885,-0.0895789239667479,0.0211293291632295,-0.0892069035716484,5293.11,0.0700000000006185,744.231000000001
214,-0.131614567940246,0.0203175569625798,-0.0563726036608072,0.701079504019912,-0.0895730343525225,0.0211292902161202,-0.0892069035716484,5293.11,0.0700000000006185,744.231000000001
215,-0.130528762642848,0.0213284438322279,-0.0906266235557583,0.711172214792015,-0.0895536106701451,0.0211292420379791,-0.0892069035716484,5293.11,0.0700000000006185,744.231000000001
216,-0.125908909468357,0.0214208096886331,-0.0131980924658125,0.690446957884171,-0.0895469320615767,0.0211292157317255,-0.0892069035716484,5293.11,0.0700000000006185,744.231000000001
217,-0.125663949266637,0.0211467133538014,-0.0710294727945677,0.685904599769247,-0.0895098446015972,0.0211291896825579,-0.0892069035716484,5293.11,0.0700000000006185,744.231000000001
218,-0.127413920446443,0.0189080426814441,-0.0667601204104186,0.693685328043575,-0.089510718652384,0.0211291611922957,-0.0892069035716484,5293.11,0.0700000000006185,744.231000000001
219,-0.129919648913252,0.0206653698829828,-0.0802523768038046,0.689562929189175,-0.0895264711481536,0.0211291392252609,-0.0892069035716484,5293.11,0.0700000000006185,744.231000000001
220,-0.128969785007413,0.0168323521323326,-0.0745949770151381,0.679903190595186,-0.0894705690182747,0.0211290945148056,-0.0892069035716484,5293.11,0.0700000000006185,744.231000000001
221,-0.129438255768368,0.0147770050076152,-0.118370469452591,0.712363399003078,-0.0894674797535426,0.0211290639195706,-0.0892069035716484,5293.11,0.0700000000006185,744.231000000001
222,-0.129991703601212,0.0214631113486135,-0.0977803894964717,0.688269980845421,-0.0894739820148267,0.021129045424436,-0.0892069035716484,5293.11,0.0700000000006185,744.231000000001
223,-0.129218378849575,0.0184009163923441,-0.0476183164276677,0.710712750106208,-0.0894352937695544,0.0211290207709383,-0.0892069035716484,5293.11,0.0700000000006185,744.231000000001
224,-0.132291203373749,0.0155495491849356,-0.121040251734561,0.688654185286605,-0.0894232486982833,0.021129002710753,-0.0892069035716484,5293.11,0.0700000000006185,744.231000000001
225,-0.131751227855454,0.0193149049156561,-0.0811739919319848,0.729917469769897,-0.089449252782476,0.0211289643368946,-0.0892069035716484,5293.11,0.0700000000006185,744.231000000001
226,-0.128666726898136,0.0181662296117518,-0.0991712351991824,0.680490802814861,-0.0894797057998744,0.0211289380346828,-0.0892069035716484,5293.11,0.0700000000006185,744.231000000001
227,-0.130565320894314,0.0201468899693876,-0.119635952266747,0.672223928412569,-0.0894905417794618,0.0211289168525147,-0.0892069035716484,5293.11,0.0700000000006185,744.231000000001
228,-0.134738891009421,0.0192099745735272,-0.120307250217871,0.680734493335432,-0.0894905473901893,0.0211288995608552,-0.0892069035716484,5293.11,0.0700000000006185,744.231000000001
229,-0.134168538230111,0.0205484254188481,-0.13690290119876,0.684442193335338,-0.0895016332897933,0.0211288795496703,-0.0892069035716484,5293.11,0.0700000000006185,744.231000000001
230,-0.134372702699751,0.0193041858774147,-0.0453440701489205,0.714362532312687,-0.0894794898371813,0.0211288578746747,-0.0892069035716484,5293.11,0.0700000000006185,744.231000000001
231,-0.130047959501735,0.0179925658843385,-0.0919578749688312,0.683671802970765,-0.0894313941282974,0.0211288197935046,-0.0892069035716484,5293.11,0.0700000000006185,744.231000000001
232,-0.133838404237354,0.0188522399429955,-0.136735822823137,0.666683827121657,-0.0894090081076282,0.0211287911035555,-0.0892069035716484,5293.11,0.0700000000006185,744.231000000001
233,-0.125481073172816,0.0205169620776684,0.0164411123931435,0.716280339750732,-0.0894055334977679,0.0211287724815841,-0.0892069035716484,5293.11,0.0700000000006185,744.231000000001
234,-0.129497547992565,0.0197897868655994,-0.1125125195255,0.700010137021412,-0.0894056272259129,0.0211287491800345,-0.0892069035716484,5293.11,0.0700000000006185,744.231000000001
235,-0.125935391330524,0.020033820514062,-0.0872779077201438,0.688186337368799,-0.0894003624235791,0.0211287368368147,-0.0892069035716484,5293.11,0.0700000000006185,744.231000000001
236,-0.130175964469992,0.0207231577034808,-0.115023276743252,0.690067376352887,-0.0894155574226421,0.0211287226036171,-0.0892069035716484,5293.11,0.0700000000006185,744.231000000001
237,-0.125135003568404,0.0167406984146537,-0.0483241352213039,0.674008731216519,-0.0894259053264252,0.0211287053496881,-0.0892069035716484,5293.11,0.0700000000006185,744.231000000001
238,-0.128078859082695,0.022100688185184,-0.0248234874535836,0.675958024588763,-0.0894030506589729,0.0211286914343093,-0.0892069035716484,5293.11,0.0700000000006185,744.231000000001
239,-0.124301422424449,0.0209487351792036,-0.0986568993334518,0.690152624122854,-0.0894197333735178,0.0211286707907788,-0.0892069035716484,5293.11,0.0700000000006185,744.231000000001
240,-0.126439999308178,0.0168778630251756,-0.100077155648417,0.697201723305629,-0.0894221811443527,0.0211286608368774,-0.0892069035716484,5293.11,0.0700000000006185,744.231000000001
241,-0.124687996447977,0.0200520244993487,-0.097251130913408,0.694408161616138,-0.089449390882006,0.0211286454359714,-0.0892069035716484,5293.11,0.0700000000006185,744.231000000001
242,-0.124964250112111,0.0169291394242151,-0.128704390320483,0.672224646027927,-0.0894501660098761,0.0211286310743413,-0.0892069035716484,5293.11,0.0700000000006185,744.231000000001
243,-0.121368930421996,0.0189068468577648,-0.102051821639707,0.664156429891795,-0.0894554544532244,0.0211286083769418,-0.0892069035716484,5293.11,0.0700000000006185,744.231000000001
244,-0.121831162353911,0.0176316249918505,-0.0494583929064343,0.721855242255505,-0.0894361671484187,0.0211285922188268,-0.0892069035716484,5293.11,0.0700000000006185,744.231000000001
245,-0.119214057422382,0.0185970049963659,0.032351400400884,0.729594004172825,-0.0894196592408658,0.0211285723703749,-0.0892069035716484,5293.11,0.0700000000006185,744.231000000001
246,-0.123447973130963,0.0188422430061046,0.0084153475339669,0.712358168848655,-0.0894071509981771,0.0211285558860958,-0.0892069035716484,5293.11,0.0700000000006185,744.231000000001
247,-0.125082263176834,0.0163995369353559,-0.0886029653024429,0.710462176942346,-0.0894113528144009,0.0211285439651026,-0.0892069035716484,5293.11,0.0700000000006185,744.231000000001
248,-0.123880710989119,0.0192737518267444,-0.14515201601274,0.691427770331086,-0.0893918532692464,0.0211285255899474,-0.0892069035716484,5293.11,0.0700000000006185,744.231000000001
249,-0.120006282288173,0.0173278084913622,-0.00720956701258134,0.718815023985329,-0.089402197752614,0.0211285139279911,-0.0892069035716484,5293.11,0.0700000000006185,744.231000000001
250,-0.113652407956022,0.0147481200868287,-0.193304543654125,0.671443505228362,-0.0893844194830358,0.0211284933070529,-0.0892069035716484,5293.11,0.0700000000006185,744.231000000001
251,-0.110931980866665,0.019982788780946,-0.0731553878590765,0.684254302326436,-0.0893785891595753,0.0211284787880811,-0.0892069035716484,5293.11,0.0700000000006185,744.231000000001
252,-0.114635797328529,0.0184797983777215,-0.129398574359005,0.673700254980843,-0.0893684438237123,0.0211284624569016,-0.0892069035716484,5293.11,0.0700000000006185,744.231000000001
253,-0.113245319212288,0.0203501986475013,-0.0397481563949689,0.675844218681291,-0.0893603076087208,0.02112845050917,-0.0892069035716484,5293.11,0.0700000000006185,744.231000000001
254,-0.117570891305415,0.0183384210743238,-0.11450762252277,0.678691043792578,-0.0893758282228596,0.0211284340066371,-0.0892069035716484,5293.11,0.0700000000006185,744.231000000001
255,-0.11463497814776,0.020506997506101,-0.150413911587876,0.699336605310997,-0.0893737166274842,0.0211284211300342,-0.0892069035716484,5293.11,0.0700000000006185,744.231000000001
256,-0.11507872779329,0.0194745592257663,-0.129253968248882,0.696616497926714,-0.0893385734898118,0.021128394212188,-0.0892069035716484,5293.11,0.0700000000006185,744.231000000001
257,-0.114718506253128,0.0187756820416154,-0.0315605593019507,0.703792306885361,-0.0893372167279813,0.0211283809524125,-0.0892069035716484,5293.11,0.0700000000006185,744.231000000001
258,-0.109459028824312,0.0163432431321463,-0.0202644291515142,0.676668160448369,-0.0893306477990565,0.0211283633115957,-0.0892069035716484,5293.11,0.0700000000006185,744.231000000001
259,-0.114715951783509,0.0161129728850421,-0.0782955540442015,0.687003569306627,-0.0893204409038653,0.0211283438729448,-0.0892069035716484,5293.11,0.0700000000006185,744.231000000001
260,-0.115389069201767,0.0159982315079081,-0.172966750264283,0.694257057253503,-0.0893190106213946,0.0211283248570296,-0.0892069035716484,5293.11,0.0700000000006185,744.231000000001
261,-0.111038363163977,0.022058866225977,-0.128092541871195,0.705956990335765,-0.0893163740945835,0.0211283145761196,-0.0892069035716484,5293.11,0.0700000000006185,744.231000000001
262,-0.113427682784053,0.0176132369323422,-0.101942134528125,0.699927250013034,-0.0893052741402443,0.0211283020320094,-0.0892069035716484,5293.11,0.0700000000006185,744.231000000001
263,-0.107910269115583,0.0226853786352701,-0.0949948863183225,0.728825494235966,-0.0893190454103987,0.0211282899912516,-0.0892069035716484,5293.11,0.0700000000006185,744.231000000001
264,-0.111261852851315,0.0210862917286068,-0.0532724371113063,0.688336356508791,-0.0893351816491208,0.021128276455841,-0.0892069035716484,5293.11,0.0700000000006185,744.231000000001
265,-0.109353372136428,0.016182455354043,-0.0786741079259604,0.689240149485021,-0.0893352766866651,0.0211282554916439,-0.0892069035716484,5293.11,0.0700000000006185,744.231000000001
266,-0.108991940271901,0.01702249484079,-0.0622475806135798,0.683766901562216,-0.0893332525565964,0.0211282343586572,-0.0892069035716484,5293.11,0.0700000000006185,744.231000000001
267,-0.105841426294497,0.0200694339757872,-0.120874751174421,0.700954289571338,-0.0893173221760009,0.0211282184887493,-0.0892069035716484,5293.11,0.0700000000006185,744.231000000001
268,-0.10904445154688,0.0182920802407309,-0.0329595357058084,0.71648463050594,-0.0893202126195367,0.0211282048413219,-0.0892069035716484,5293.11,0.0700000000006185,744.231000000001
269,-0.111983595676052,0.0159498738197496,-0.150782505090062,0.666060569365061,-0.0893565393320301,0.0211281846836938,-0.0892069035716484,5293.11,0.0700000000006185,744.231000000001
270,-0.111950090898791,0.020270238607853,-0.158214017832736,0.651979036749269,-0.0893596975871791,0.0211281723034559,-0.0892069035716484,5293.11,0.0700000000006185,744.231000000001
271,-0.110912035092063,0.0176921340961472,-0.0751196683609492,0.703699098326768,-0.0893668623707216,0.0211281600264041,-0.0892069035716484,5293.11,0.0700000000006185,744.231000000001
272,-0.110543519879858,0.0166984070126413,-0.147467277575626,0.678164836443186,-0.0893233999922884,0.0211281429567384,-0.0892069035716484,5293.11,0.0700000000006185,744.231000000001
273,-0.108130063940532,0.0157020116195873,-0.116622922724418,0.692131679248079,-0.0893302284313702,0.0211281270118585,-0.0892069035716484,5293.11,0.0700000000006185,744.231000000001
274,-0.114661159892204,0.0212562168734077,-0.128484991540478,0.677570268445332,-0.089313542657024,0.0211281157042641,-0.0892069035716484,5293.11,0.0700000000006185,744.231000000001
275,-0.107476407508103,0.0182378233566867,-0.0782651860075687,0.697270007515642,-0.0893105912471939,0.0211281059562623,-0.0892069035716484,5293.11,0.0700000000006185,744.231000000001
276,-0.112209811336635,0.0191995673490626,-0.0175351129344424,0.692618010018013,-0.0892973891636366,0.0211280924330088,-0.0892069035716484,5293.11,0.0700000000006185,744.231000000001
277,-0.112568708481617,0.0184313228736027,-0.157762281782204,0.700481747280142,-0.0892805630896056,0.0211280811267648,-0.0892069035716484,5293.11,0.0700000000006185,744.231000000001
278,-0.115305496057137,0.0153099575831042,-0.0600762962241869,0.679926644592798,-0.089272677229399,0.0211280640634251,-0.0892069035716484,5293.11,0.0700000000006185,744.231000000001
279,-0.111476028822635,0.0191483345536195,-0.0600794841759522,0.682915992141654,-0.0892771355600068,0.0211280495821068,-0.0892069035716484,5293.11,0.0700000000006185,744.231000000001
280,-0.11189006475395,0.0155507836503228,-0.0348392752237115,0.710506803187919,-0.0892736647896211,0.0211280375605137,-0.0892069035716484,5293.11,0.0700000000006185,744.231000000001
281,-0.108658936583382,0.0168648341473981,-0.0584362195925365,0.689994716738058,-0.0892637404145438,0.0211280287309072,-0.0892069035716484,5293.11,0.0700000000006185,744.231000000001
282,-0.104429215536076,0.0203793317543889,-0.106338368330849,0.690616393917538,-0.0892731629724466,0.0211280223274167,-0.0892069035716484,5293.11,0.0700000000006185,744.231000000001
283,-0.110691908674165,0.0154370311657371,-0.0939766081123378,0.695319475587671,-0.0892551947231297,0.0211280131469499,-0.0892069035716484,5293.11,0.0700000000006185,744.231000000001
284,-0.103110195636846,0.0183264540817189,-0.0797389457346613,0.695591180999421,-0.0892300200137548,0.0211280000089321,-0.0892069035716484,5293.11,0.0700000000006185,744.231000000001
285,-0.110567245272123,0.0189089593068365,-0.0778803274883073,0.691892294631777,-0.0892334657942344,0.0211279898102217,-0.0892069035716484,5293.11,0.0700000000006185,744.231000000001
286,-0.105864425627883,0.0157718863468156,-0.0992208716939394,0.683694994647816,-0.0892275899292834,0.021127983606492,-0.0892069035716484,5293.11,0.0700000000006185,744.231000000001
287,-0.109875603529686,0.0183632692953817,0.0259617957143183,0.669138913562957,-0.0892457494794385,0.0211279654433175,-0.0892069035716484,5293.11,0.0700000000006185,744.231000000001
288,-0.106735863460326,0.014420203632422,-0.0501105923839378,0.712103960516689,-0.0892543119719065,0.0211279568447616,-0.0892069035716484,5293.11,0.0700000000006185,744.231000000001
289,-0.110641365037892,0.0167865287851305,-0.0665761294013109,0.704509624075608,-0.0892436308085109,0.021127950667782,-0.0892069035716484,5293.11,0.0700000000006185,744.231000000001
290,-0.106192863486793,0.0159828207136178,-0.0925826470361465,0.682432305479553,-0.0892363288925928,0.0211279411603892,-0.0892069035716484,5293.11,0.0700000000006185,744.231000000001
291,-0.103785072007983,0.0167302760600345,-0.117423323461679,0.700629872047245,-0.089241623273165,0.0211279331974646,-0.0892069035716484,5293.11,0.0700000000006185,744.231000000001
292,-0.107249436532353,0.0146775241151098,-0.178429543870714,0.695788756007856,-0.0892352827027487,0.0211279187094198,-0.0892069035716484,5293.11,0.0700000000006185,744.231000000001
293,-0.108681474074009,0.0208689926321967,-0.130736398027092,0.692658686807796,-0.0892124616772882,0.0211279107799306,-0.0892069035716484,5293.11,0.0700000000006185,744.231000000001
294,-0.104892443142332,0.0183104118478088,-0.046544140992131,0.692561832924108,-0.0892139670764673,0.021127903403113,-0.0892069035716484,5293.11,0.0700000000006185,744.231000000001
295,-0.104628694823734,0.0157834836872894,-0.0897610629549142,0.675802652539836,-0.0892227305275632,0.0211278954632623,-0.0892069035716484,5293.11,0.0700000000006185,744.231000000001
296,-0.105698863237063,0.0159106187061629,-0.0596631799887063,0.717398441990007,-0.0892044671784049,0.0211278871035994,-0.0892069035716484,5293.11,0.0700000000006185,744.231000000001
297,-0.10159267355638,0.0189399182854171,-0.0332764297673675,0.719873983847101,-0.0892070676581067,0.0211278788707571,-0.0892069035716484,5293.11,0.0700000000006185,744.231000000001
298,-0.105416630852731,0.0212375700557686,-0.102817928035012,0.718242255944208,-0.0892076848486238,0.0211278709131952,-0.0892069035716484,5293.11,0.0700000000006185,744.231000000001
299,-0.106424861883843,0.0179327008897251,-0.0499992672776827,0.711194523261358,-0.0892071472267186,0.0211278647953921,-0.0892069035716484,5293.11,0.0700000000006185,744.231000000001
300,-0.101231546409054,0.0185327204319941,-0.0374054680707684,0.719066680642281,-0.0892116107295706,0.021127858062812,-0.0892069035716484,5293.11,0.0700000000006185,744.231000000001
301,-0.104404878330823,0.0155474483795977,-0.130936138615049,0.680714658188167,-0.0892129702959867,0.0211278527582724,-0.0892069035716484,5293.11,0.0700000000006185,744.231000000001
302,-0.108257054543574,0.0170424192306103,-0.0759594934314065,0.714327673113949,-0.0892153390274082,0.0211278450689022,-0.0892069035716484,5293.11,0.0700000000006185,744.231000000001
303,-0.108425420740774,0.016704779263661,-0.0819454368454281,0.679156979421476,-0.0892202405390581,0.0211278374010437,-0.0892069035716484,5293.11,0.0700000000006185,744.231000000001
304,-0.112004100054961,0.0153658858367399,-0.0587533856214261,0.693213814234131,-0.0891926435122272,0.0211278246992587,-0.0892069035716484,5293.11,0.0700000000006185,744.231000000001
305,-0.107851836570869,0.0163809927185991,-0.114150931287735,0.709984462793474,-0.0892200403644239,0.0211278194503262,-0.0892069035716484,5293.11,0.0700000000006185,744.231000000001
306,-0.107979191934363,0.0182069501243535,-0.103772218622292,0.690724494490846,-0.0892148841058784,0.0211278128308462,-0.0892069035716484,5293.11,0.0700000000006185,744.231000000001
307,-0.106237261763051,0.0170394410148947,-0.109602591775392,0.696593628169136,-0.0892263504776984,0.0211278040127025,-0.0892069035716484,5293.11,0.0700000000006185,744.231000000001
308,-0.106106578021834,0.019033088789451,-0.143548506471996,0.674844455998449,-0.0892386673547172,0.021127797743266,-0.0892069035716484,5293.11,0.0700000000006185,744.231000000001
309,-0.106646768947029,0.0208013227794837,-0.0847539388002823,0.692185408688953,-0.0892476102616548,0.0211277901414221,-0.0892069035716484,5293.11,0.0700000000006185,744.231000000001
310,-0.106438898602448,0.0162568554304543,-0.0489134928387631,0.704197898986615,-0.0892505398173711,0.0211277830280355,-0.0892069035716484,5293.11,0.0700000000006185,744.231000000001
311,-0.10523604649764,0.0210500794529176,-0.0847690961217954,0.7193401362513,-0.0892554511858972,0.0211277738014734,-0.0892069035716484,5293.11,0.0700000000006185,744.231000000001
312,-0.104892718732078,0.0188934703119497,-0.0832900159329118,0.70403937375632,-0.0892563152042261,0.0211277670352439,-0.0892069035716484,5293.11,0.0700000000006185,744.231000000001
313,-0.108330210233178,0.018562162664273,-0.146535115374603,0.681811071388889,-0.0892581874773288,0.0211277632339923,-0.0892069035716484,5293.11,0.0700000000006185,744.231000000001
314,-0.104195035512725,0.0163074754928013,-0.0312233581734422,0.707938792726447,-0.0892273208920003,0.021127757889495,-0.0892069035716484,5293.11,0.0700000000006185,744.231000000001
315,-0.108565769045092,0.0169633817349998,-0.0465038253755739,0.704258919964298,-0.0892259353054836,0.0211277538424652,-0.0892069035716484,5293.11,0.0700000000006185,744.231000000001
316,-0.106129849296202,0.0185404541283709,-0.175324482080523,0.671656129782294,-0.0892225675299034,0.0211277472238856,-0.0892069035716484,5293.11,0.0700000000006185,744.231000000001
317,-0.106270649510764,0.0177872440085164,-0.128705984262452,0.699747885544655,-0.0892055194914683,0.0211277419345374,-0.0892069035716484,5293.11,0.0700000000006185,744.231000000001
318,-0.102264923761174,0.0171914924245115,-0.0791262771816131,0.680870576733523,-0.0892006419092981,0.0211277329144807,-0.0892069035716484,5293.11,0.0700000000006185,744.231000000001
319,-0.104514864271701,0.0182277770488054,-0.0996915831986804,0.691246428213375,-0.0891874489794553,0.0211277244291121,-0.0892069035716484,5293.11,0.0700000000006185,744.231000000001
320,-0.101369456890164,0.0180885012828487,-0.0910670685478837,0.711648516517453,-0.0891775651736637,0.0211277194758379,-0.0892069035716484,5293.11,0.0700000000006185,744.231000000001
321,-0.101375496628256,0.0193147511228155,-0.162602047851763,0.694733105542846,-0.0891722894097313,0.0211277150778091,-0.0892069035716484,5293.11,0.0700000000006185,744.231000000001
322,-0.0975268120862038,0.0171964031868038,-0.099271844926875,0.689832888662295,-0.0891808960771208,0.0211277114132522,-0.0892069035716484,5293.11,0.0700000000006185,744.231000000001
323,-0.104434221903169,0.0174009352981127,-0.117585446598978,0.686312171507215,-0.0891778685457618,0.0211277056219179,-0.0892069035716484,5293.11,0.0700000000006185,744.231000000001
324,-0.102297741485025,0.0184682174449456,-0.0912037454477809,0.690402517276519,-0.0891631968299151,0.0211276990547534,-0.0892069035716484,5293.11,0.0700000000006185,744.231000000001
325,-0.101127913042776,0.0180760444682496,-0.0464587981661158,0.733537484287588,-0.0891684712387857,0.0211276932555308,-0.0892069035716484,5293.11,0.0700000000006185,744.231000000001
326,-0.106393439122028,0.0187379507201283,-0.0444413177450127,0.713257458787245,-0.0891685188638659,0.0211276850741577,-0.0892069035716484,5293.11,0.0700000000006185,744.231000000001
327,-0.10178470106149,0.0159225124229614,-0.0690210295991915,0.682372475827208,-0.0891786868226969,0.021127679921786,-0.0892069035716484,5293.11,0.0700000000006185,744.231000000001
328,-0.103431262935973,0.0218195963428661,-0.0592215651146776,0.689915501105252,-0.0891843848484815,0.0211276738198826,-0.0892069035716484,5293.11,0.0700000000006185,744.231000000001
329,-0.100559483282181,0.0165102841629064,-0.096217529824323,0.702163963941911,-0.0891690635206359,0.021127667166332,-0.0892069035716484,5293.11,0.0700000000006185,744.231000000001
330,-0.104631231412312,0.0200720059460167,-0.0617922433623666,0.696849472830415,-0.0891587544263839,0.0211276613842761,-0.0892069035716484,5293.11,0.0700000000006185,744.231000000001
331,-0.104882437294439,0.0154546150503499,-0.0146124415186926,0.697948897254948,-0.0891582100736432,0.0211276551011755,-0.0892069035716484,5293.11,0.0700000000006185,744.231000000001
332,-0.104555522166286,0.017359921164771,-0.102503148641795,0.719079048168365,-0.0891494415297007,0.0211276494213504,-0.0892069035716484,5293.11,0.0700000000006185,744.231000000001
333,-0.109054249973775,0.0206949784558108,-0.0630245526190329,0.703543692046075,-0.0891541962122204,0.0211276425597597,-0.0892069035716484,5293.11,0.0700000000006185,744.231000000001
334,-0.109214026675383,0.0188465885239598,-0.0801867344388486,0.681754681534144,-0.0891462364333133,0.021127636813049,-0.0892069035716484,5293.11,0.0700000000006185,744.231000000001
335,-0.105871346896155,0.014990458042833,-0.125290354067501,0.714953291384032,-0.0891481959816959,0.0211276280314002,-0.0892069035716484,5293.11,0.0700000000006185,744.231000000001
336,-0.104600000757009,0.0158403091962093,-0.0433642748185565,0.693426830447639,-0.0891307372834547,0.0211276241732767,-0.0892069035716484,5293.11,0.0700000000006185,744.231000000001
337,-0.105846454289679,0.0190538593560508,-0.0747858502862004,0.710835040413394,-0.0891469755336445,0.0211276197120621,-0.0892069035716484,5293.11,0.0700000000006185,744.231000000001
338,-0.107234523236625,0.0172138345750278,-0.0684629659284455,0.707457755231411,-0.0891657117370244,0.0211276158072308,-0.0892069035716484,5293.11,0.0700000000006185,744.231000000001
339,-0.1088582896292,0.0174862950585192,-0.0981975475050319,0.693088462574601,-0.0891524807134161,0.021127612107645,-0.0892069035716484,5293.11,0.0700000000006185,744.231000000001
340,-0.113310172526191,0.0187495888272531,-0.1054319975677,0.703488421279732,-0.0891394504120484,0.0211276070257374,-0.0892069035716484,5293.11,0.0700000000006185,744.231000000001
341,-0.108078044623723,0.0154444999563142,-0.0576497656967835,0.676053701112927,-0.0891499223908312,0.0211276016647897,-0.0892069035716484,5293.11,0.0700000000006185,744.231000000001
342,-0.109684700945127,0.0168231686660549,-0.0759967322061143,0.692327242999023,-0.0891539274543369,0.0211275983948365,-0.0892069035716484,5293.11,0.0700000000006185,744.231000000001
343,-0.106537893899408,0.0148672172651939,-0.058880451031142,0.692304956448208,-0.0891539498565108,0.0211275942799347,-0.0892069035716484,5293.11,0.0700000000006185,744.231000000001
344,-0.108383973750322,0.0145497706721553,-0.165956069278457,0.696189581840736,-0.0891539527325417,0.0211275893247619,-0.0892069035716484,5293.11,0.0700000000006185,744.231000000001
345,-0.104521007659242,0.0142984003746781,-0.0627049998896162,0.69871204340853,-0.0891683176063225,0.0211275858985262,-0.0892069035716484,5293.11,0.0700000000006185,744.231000000001
346,-0.103264105367889,0.0186948440817556,-0.0914750932660433,0.701694639602637,-0.0891725152549014,0.0211275836405983,-0.0892069035716484,5293.11,0.0700000000006185,744.231000000001
347,-0.110136254681568,0.0146475591600513,-0.0953254203367666,0.700202266898638,-0.0891652038371014,0.0211275796338963,-0.0892069035716484,5293.11,0.0700000000006185,744.231000000001
348,-0.105664428809446,0.0148836468523687,-0.090664412725146,0.686993740039382,-0.0891474170626907,0.0211275759264061,-0.0892069035716484,5293.11,0.0700000000006185,744.231000000001
349,-0.107061195427221,0.0177736484993908,-0.110811248756696,0.685685359091565,-0.0891499478847493,0.0211275719389433,-0.0892069035716484,5293.11,0.0700000000006185,744.231000000001
350,-0.107424787506803,0.0180099968183197,-0.0177215520154007,0.71456633425816,-0.0891481394123401,0.0211275646327154,-0.0892069035716484,5293.11,0.0700000000006185,744.231000000001
351,-0.105284907088918,0.0173869020418003,-0.0622354044788171,0.710931707326713,-0.0891485190237622,0.0211275620799353,-0.0892069035716484,5293.11,0.0700000000006185,744.231000000001
352,-0.10429641040372,0.0193416257364913,-0.080104848351701,0.682264582133927,-0.0891463595057935,0.021127558907397,-0.0892069035716484,5293.11,0.0700000000006185,744.231000000001
353,-0.102076588972439,0.0215282268322135,-0.152762251190797,0.698787703901016,-0.0891422280819647,0.0211275564126456,-0.0892069035716484,5293.11,0.0700000000006185,744.231000000001
354,-0.105344915107727,0.0179938705907037,-0.0169354976722593,0.692334033741971,-0.0891467102000121,0.0211275539707577,-0.0892069035716484,5293.11,0.0700000000006185,744.231000000001
355,-0.105423745254285,0.0186082519531358,-0.102115522316839,0.670407999297921,-0.0891468036620853,0.0211275507260769,-0.0892069035716484,5293.11,0.0700000000006185,744.231000000001
356,-0.105969616291385,0.0213404224013898,-0.0995686089150699,0.677832870591818,-0.0891465091510484,0.0211275466680287,-0.0892069035716484,5293.11,0.0700000000006185,744.231000000001
357,-0.104037252441445,0.0155892962440973,-0.0964794623657447,0.67290384689415,-0.0891560410837648,0.0211275421496485,-0.0892069035716484,5293.11,0.0700000000006185,744.231000000001
358,-0.105937434998075,0.0139440079464383,-0.094359903467984,0.667839017371078,-0.0891515176124216,0.0211275384807763,-0.0892069035716484,5293.11,0.0700000000006185,744.231000000001
359,-0.10105936200202,0.0156482893314855,-0.0492580953984449,0.710942401957621,-0.0891555360176479,0.0211275334412618,-0.0892069035716484,5293.11,0.0700000000006185,744.231000000001
360,-0.102644036455777,0.016916177611941,-0.038099618487045,0.691622546327303,-0.0891619643682589,0.0211275309663628,-0.0892069035716484,5293.11,0.0700000000006185,744.231000000001
361,-0.104017894413847,0.015631291671665,-0.104339581508322,0.696999739961379,-0.0891626884154966,0.0211275283188111,-0.0892069035716484,5293.11,0.0700000000006185,744.231000000001
362,-0.105709591664194,0.015558102722701,-0.0647461757217547,0.705739500502754,-0.0891651556903161,0.0211275253687469,-0.0892069035716484,5293.11,0.0700000000006185,744.231000000001
363,-0.103706553340381,0.0194554993483875,-0.0728016752310959,0.698878866825794,-0.0891665066908036,0.0211275215453249,-0.0892069035716484,5293.11,0.0700000000006185,744.231000000001
364,-0.105812366836142,0.0154031428794834,-0.0714992711756907,0.717878010410781,-0.0891715249853107,0.0211275192806534,-0.0892069035716484,5293.11,0.0700000000006185,744.231000000001
365,-0.105808266928043,0.0196535257508289,-0.0676657387231005,0.685393589678973,-0.0891739016594002,0.0211275170313285,-0.0892069035716484,5293.11,0.0700000000006185,744.231000000001
366,-0.103809131327618,0.0161620716562895,-0.0729498486870072,0.694659860848008,-0.0891707181035706,0.0211275143484952,-0.0892069035716484,5293.11,0.0700000000006185,744.231000000001
367,-0.104770675122686,0.0142984424087299,-0.117587918558147,0.675145970214037,-0.0891681816917611,0.0211275112083013,-0.0892069035716484,5293.11,0.0700000000006185,744.231000000001
368,-0.107011002864057,0.0179461330913931,-0.108534934112588,0.724065993862335,-0.0891735303194405,0.0211275087834642,-0.0892069035716484,5293.11,0.0700000000006185,744.231000000001
369,-0.107764369217492,0.0160595223531577,-0.0761611321157047,0.713466821403146,-0.0891699195264515,0.0211275056817234,-0.0892069035716484,5293.11,0.0700000000006185,744.231000000001
370,-0.104220176407288,0.0144612491024055,-0.136209850182946,0.663674705438223,-0.0891866534938686,0.0211275019932955,-0.0892069035716484,5293.11,0.0700000000006185,744.231000000001
371,-0.104152542645283,0.0191928690511429,-0.0840146358303242,0.683104187330623,-0.089175332148784,0.0211274997192262,-0.0892069035716484,5293.11,0.0700000000006185,744.231000000001
372,-0.102546979903994,0.0184550056842684,-0.0655837754516306,0.697321624744533,-0.0891706765367175,0.0211274978835759,-0.0892069035716484,5293.11,0.0700000000006185,744.231000000001
373,-0.101014213991431,0.018355007015334,-0.0933791150026055,0.69740233396234,-0.0891690463484462,0.0211274957432663,-0.0892069035716484,5293.11,0.0700000000006185,744.231000000001
374,-0.106575804825428,0.0163309922205777,-0.133714931127544,0.694275573851443,-0.0891707382379678,0.0211274933136442,-0.0892069035716484,5293.11,0.0700000000006185,744.231000000001
375,-0.107881926916481,0.0164683421708238,-0.0601190643964194,0.674794594560553,-0.0891638770748298,0.0211274901002481,-0.0892069035716484,5293.11,0.0700000000006185,744.231000000001
376,-0.102394235599769,0.0175123177020162,-0.0937060080566431,0.699173812383347,-0.0891622126951326,0.0211274879694071,-0.0892069035716484,5293.11,0.0700000000006185,744.231000000001
377,-0.104450172928247,0.0164958793299128,-0.170584111227261,0.684033840712793,-0.0891613133776481,0.0211274860116994,-0.0892069035716484,5293.11,0.0700000000006185,744.231000000001
378,-0.107783995444349,0.0156465438848611,-0.0959647856842601,0.674569454853478,-0.0891517542939084,0.0211274830839087,-0.0892069035716484,5293.11,0.0700000000006185,744.231000000001
379,-0.105482984242255,0.0203105213620029,-0.0906804535485596,0.708078840551762,-0.0891518890682748,0.0211274812446259,-0.0892069035716484,5293.11,0.0700000000006185,744.231000000001
380,-0.107703656089639,0.018486043868655,-0.0608415925485399,0.679700637783244,-0.089151567919471,0.0211274790944394,-0.0892069035716484,5293.11,0.0700000000006185,744.231000000001
381,-0.0991037652646717,0.0178230527650845,-0.114955426163468,0.696252355898186,-0.0891543750781381,0.0211274771327386,-0.0892069035716484,5293.11,0.0700000000006185,744.231000000001
382,-0.108281731223244,0.0140833950511294,-0.0711778012277823,0.711441677578328,-0.0891565514248356,0.021127475366096,-0.0892069035716484,5293.11,0.0700000000006185,744.231000000001
383,-0.104243140631658,0.0187727191637424,-0.0396443663123453,0.701232719641759,-0.0891597433090432,0.021127472479661,-0.0892069035716484,5293.11,0.0700000000006185,744.231000000001
384,-0.104692636799203,0.0170686482883386,-0.058416718793949,0.698972372709159,-0.0891577298221051,0.0211274706386287,-0.0892069035716484,5293.11,0.0700000000006185,744.231000000001
385,-0.10143399225451,0.0168799503644101,-0.13761047001102,0.677126461890149,-0.0891554511992414,0.021127468028136,-0.0892069035716484,5293.11,0.0700000000006185,744.231000000001
386,-0.105549373790487,0.0167978445524619,-0.13591512055685,0.705608648307253,-0.089144299147307,0.0211274658832122,-0.0892069035716484,5293.11,0.0700000000006185,744.231000000001
387,-0.106725826896635,0.0165032612023335,-0.120572299949591,0.697930369337464,-0.0891395800770951,0.0211274628595342,-0.0892069035716484,5293.11,0.0700000000006185,744.231000000001
388,-0.103430280484549,0.015971228965336,-0.0521774464628258,0.716214082090552,-0.0891421490262871,0.0211274612833878,-0.0892069035716484,5293.11,0.0700000000006185,744.231000000001
389,-0.102188429398677,0.0157555575625221,-0.0926081816275212,0.697871778127541,-0.0891519498098461,0.0211274576819585,-0.0892069035716484,5293.11,0.0700000000006185,744.231000000001
390,-0.103027574463606,0.0162390714963428,-0.0506262286710883,0.693290090364539,-0.0891484974886794,0.0211274550270079,-0.0892069035716484,5293.11,0.0700000000006185,744.231000000001
391,-0.106712273723582,0.0156914203213107,-0.0801262866828185,0.694592406425653,-0.0891464389778047,0.0211274534460277,-0.0892069035716484,5293.11,0.0700000000006185,744.231000000001
392,-0.102360975044385,0.01438989903469,-0.092023270469274,0.691582415557321,-0.0891549733235593,0.0211274505836545,-0.0892069035716484,5293.11,0.0700000000006185,744.231000000001
393,-0.104829487642162,0.0161359297059549,-0.0817900735416639,0.674710209730563,-0.0891546717663232,0.0211274483679732,-0.0892069035716484,5293.11,0.0700000000006185,744.231000000001
394,-0.105628471251125,0.0148343483118887,-0.108380545455681,0.707137221306227,-0.0891477178052611,0.0211274462100784,-0.0892069035716484,5293.11,0.0700000000006185,744.231000000001
395,-0.107327708550525,0.0188552046070047,-0.139112765158094,0.698790216493269,-0.0891450155842985,0.0211274433154681,-0.0892069035716484,5293.11,0.0700000000006185,744.231000000001
396,-0.10436099408265,0.0151251590390932,-0.135545956501409,0.678853866032904,-0.0891414189433384,0.0211274420477032,-0.0892069035716484,5293.11,0.0700000000006185,744.231000000001
397,-0.103382662974217,0.0184166654754982,-0.074600166062452,0.700213150740937,-0.0891472654560914,0.0211274400307714,-0.0892069035716484,5293.11,0.0700000000006185,744.231000000001
398,-0.0992996350893892,0.016387881725568,-0.107777622548915,0.706103945227254,-0.0891440137393857,0.0211274388363606,-0.0892069035716484,5293.11,0.0700000000006185,744.231000000001
399,-0.102201190468725,0.015883401159412,-0.108310655594119,0.71623149840459,-0.0891341027774644,0.0211274372507142,-0.0892069035716484,5293.11,0.0700000000006185,744.231000000001
400,-0.104915453095355,0.0152550890915426,-0.135029215173187,0.677547485865129,-0.0891385885721601,0.0211274346866732,-0.0892069035716484,5293.11,0.0700000000006185,744.231000000001
401,-0.102499236293077,0.0123908079801087,-0.0973688452664094,0.705107768957125,-0.0891545686207849,0.0211274328838025,-0.0892069035716484,5293.11,0.0700000000006185,744.231000000001
402,-0.107689724563029,0.0152498887435849,-0.103699340758304,0.720258282443861,-0.0891554344180836,0.0211274312699014,-0.0892069035716484,5293.11,0.0700000000006185,744.231000000001
403,-0.109425098494527,0.016003222306651,-0.166007987454341,0.68157100852452,-0.0891575221327692,0.0211274297048089,-0.0892069035716484,5293.11,0.0700000000006185,744.231000000001
404,-0.102268771481759,0.0178844838741074,-0.0957676924380888,0.701854337779961,-0.089158083721224,0.0211274264538097,-0.0892069035716484,5293.11,0.0700000000006185,744.231000000001
405,-0.105917686844811,0.0177863689930515,-0.127146187937517,0.678797022813315,-0.0891661566249837,0.0211274235937121,-0.0892069035716484,5293.11,0.0700000000006185,744.231000000001
406,-0.101332751264678,0.0144898617895981,-0.0777215700776558,0.704257745177151,-0.0891698345868406,0.0211274226530446,-0.0892069035716484,5293.11,0.0700000000006185,744.231000000001
407,-0.103220439631352,0.0165775141620602,-0.0452698447597768,0.683851525237406,-0.0891806612409454,0.0211274208323969,-0.0892069035716484,5293.11,0.0700000000006185,744.231000000001
408,-0.102615437199115,0.0143203803023847,-0.0988992864819348,0.673305360186841,-0.0891833394999111,0.02112741812329,-0.0892069035716484,5293.11,0.0700000000006185,744.231000000001
409,-0.104361216420869,0.0184545829694212,-0.08347428899633,0.716597181923942,-0.0891827639563552,0.0211274163872746,-0.0892069035716484,5293.11,0.0700000000006185,744.231000000001
410,-0.104941442026302,0.0180132983324824,-0.0966679339629957,0.708317667785139,-0.0891874204204086,0.0211274151752323,-0.0892069035716484,5293.11,0.0700000000006185,744.231000000001
411,-0.101318533213042,0.0166499104419868,-0.110161373039065,0.690747018393976,-0.0891838999630465,0.0211274138045132,-0.0892069035716484,5293.11,0.0700000000006185,744.231000000001
412,-0.103910290669659,0.0136843721011488,-0.147361440024538,0.675924462622941,-0.0891811231225024,0.0211274125889696,-0.0892069035716484,5293.11,0.0700000000006185,744.231000000001
413,-0.0980833603429397,0.0174659257586436,-0.012504378858747,0.696626067850771,-0.0891744366425939,0.0211274114156688,-0.0892069035716484,5293.11,0.0700000000006185,744.231000000001
414,-0.101386750358075,0.0149755819176496,-0.0816601966033239,0.713017750104413,-0.0891667859009715,0.0211274102923774,-0.0892069035716484,5293.11,0.0700000000006185,744.231000000001
415,-0.10059169394095,0.0181720630485428,-0.0871827769570711,0.712646962205018,-0.0891606755226846,0.0211274085924743,-0.0892069035716484,5293.11,0.0700000000006185,744.231000000001
416,-0.098768802330315,0.0140675143375232,-0.141381992245406,0.671089510652857,-0.0891664694563019,0.0211274070932397,-0.0892069035716484,5293.11,0.0700000000006185,744.231000000001
417,-0.0978981126283999,0.0131949294858368,-0.0714423535813468,0.681713280556378,-0.0891703381029672,0.0211274055877176,-0.0892069035716484,5293.11,0.0700000000006185,744.231000000001
418,-0.0991241080076603,0.0173068599104836,-0.0418996910854969,0.692343206549852,-0.0891643592424103,0.0211274036108443,-0.0892069035716484,5293.11,0.0700000000006185,744.231000000001
419,-0.0964417362658297,0.0175033107034318,-0.109536410184908,0.688533470636949,-0.0891701264559153,0.0211274024811428,-0.0892069035716484,5293.11,0.0700000000006185,744.231000000001
420,-0.099737477243837,0.0171039808606792,-0.0958433535070305,0.679301049316762,-0.0891600789587272,0.0211274009056107,-0.0892069035716484,5293.11,0.0700000000006185,744.231000000001
421,-0.0957829844734057,0.0135489689560263,-0.124464886321985,0.671422874971463,-0.0891470796367457,0.0211273991479397,-0.0892069035716484,5293.11,0.0700000000006185,744.231000000001
422,-0.0951170668851121,0.0168151729571243,-0.104837631858975,0.693242113170478,-0.0891430040701096,0.0211273979758047,-0.0892069035716484,5293.11,0.0700000000006185,744.231000000001
423,-0.0995998277704225,0.0146636084487953,-0.126709333361122,0.67317669196532,-0.089152423629514,0.0211273962521301,-0.0892069035716484,5293.11,0.0700000000006185,744.231000000001
424,-0.0945674726139458,0.0158879228720004,-0.0953605515174142,0.68995336597653,-0.0891496184888112,0.0211273948907017,-0.0892069035716484,5293.11,0.0700000000006185,744.231000000001
425,-0.0950508123361525,0.0152099922162838,-0.00301499088841375,0.712240932605589,-0.0891507671216063,0.021127393721818,-0.0892069035716484,5293.11,0.0700000000006185,744.231000000001
426,-0.0994702491553275,0.0158579442191506,-0.0748812701285651,0.700138305000297,-0.0891421450889851,0.0211273927041399,-0.0892069035716484,5293.11,0.0700000000006185,744.231000000001
427,-0.0977951428236059,0.0124726281302214,-0.133155251304432,0.686109116321951,-0.0891434003971598,0.0211273912877556,-0.0892069035716484,5293.11,0.0700000000006185,744.231000000001
428,-0.0970390914265989,0.0145073772927978,-0.107345134443197,0.691709307551251,-0.089144028483517,0.021127390013147,-0.0892069035716484,5293.11,0.0700000000006185,744.231000000001
429,-0.103257446847534,0.0171014615451105,-0.0858855250265166,0.700620409130156,-0.0891305702002825,0.0211273885139505,-0.0892069035716484,5293.11,0.0700000000006185,744.231000000001
430,-0.0951138569758774,0.0158648872030797,-0.0639250489708725,0.695286793603544,-0.0891262881307071,0.0211273872603259,-0.0892069035716484,5293.11,0.0700000000006185,744.231000000001
431,-0.0965623817345315,0.0158211761228253,-0.0636187889699423,0.701700499188361,-0.0891184577289508,0.0211273857744451,-0.0892069035716484,5293.11,0.0700000000006185,744.231000000001
432,-0.0981075957409199,0.0179409412287292,-0.109739586919743,0.691945405958135,-0.089113607313493,0.021127384507687,-0.0892069035716484,5293.11,0.0700000000006185,744.231000000001
433,-0.0941181851445682,0.0127636980875282,-0.0795190326690629,0.697226390849631,-0.0891081327761185,0.0211273830236729,-0.0892069035716484,5293.11,0.0700000000006185,744.231000000001
434,-0.101420913586492,0.0159764622750725,-0.067225918703768,0.692805026470122,-0.0891030787610365,0.0211273814634363,-0.0892069035716484,5293.11,0.0700000000006185,744.231000000001
435,-0.101454022902122,0.0128093028554402,-0.043724613549098,0.682863397050432,-0.0891013451115974,0.0211273798794093,-0.0892069035716484,5293.11,0.0700000000006185,744.231000000001
436,-0.100330114325494,0.0149149091538277,-0.06366903055514,0.716925656465167,-0.0891041110893198,0.0211273783886607,-0.0892069035716484,5293.11,0.0700000000006185,744.231000000001
437,-0.0972374259883114,0.0174391443467161,-0.0340298361748718,0.708308374299883,-0.0891031103780602,0.0211273766751842,-0.0892069035716484,5293.11,0.0700000000006185,744.231000000001
438,-0.0957298200016023,0.0163401697818976,-0.111072666836327,0.697070271718346,-0.0891002298605628,0.0211273757435294,-0.0892069035716484,5293.11,0.0700000000006185,744.231000000001
439,-0.0975132866684822,0.0144822777110809,-0.173256713271579,0.666450828758415,-0.0891072067324643,0.021127375060777,-0.0892069035716484,5293.11,0.0700000000006185,744.231000000001
440,-0.101067174379447,0.0146723268057523,-0.0988798278770619,0.697558993589607,-0.0891080122627983,0.0211273741797583,-0.0892069035716484,5293.11,0.0700000000006185,744.231000000001
441,-0.0991649126824525,0.0155069886923005,-0.0329232236490095,0.692310028174851,-0.0891064576909528,0.0211273731536281,-0.0892069035716484,5293.11,0.0700000000006185,744.231000000001
442,-0.0983223915016686,0.0151947537180577,-0.0711835203760353,0.676987286126427,-0.0891250087662456,0.0211273719781338,-0.0892069035716484,5293.11,0.0700000000006185,744.231000000001
443,-0.0968985330750431,0.0150104870460531,-0.126552634645172,0.66774286458301,-0.0891295291507639,0.0211273705909141,-0.0892069035716484,5293.11,0.0700000000006185,744.231000000001
444,-0.0965424725506213,0.0164883188257546,-0.0680286498530328,0.703009554943162,-0.0891307750405534,0.021127369595006,-0.0892069035716484,5293.11,0.0700000000006185,744.231000000001
445,-0.100554737793605,0.0148800712606793,-0.146678756830516,0.677646979873029,-0.0891292248456566,0.02112736796288,-0.0892069035716484,5293.11,0.0700000000006185,744.231000000001
446,-0.0972424695309583,0.0120996541827079,-0.044502351755502,0.680834299122428,-0.0891315989089208,0.0211273664636491,-0.0892069035716484,5293.11,0.0700000000006185,744.231000000001
447,-0.0977051006989194,0.0126576225073733,-0.134725165640048,0.680926016798307,-0.0891370915260659,0.0211273653967287,-0.0892069035716484,5293.11,0.0700000000006185,744.231000000001
448,-0.0988930226520568,0.0156662153586634,-0.0823217368050046,0.711822574594613,-0.0891474076499463,0.0211273637354665,-0.0892069035716484,5293.11,0.0700000000006185,744.231000000001
449,-0.0959228397107862,0.0163537118982388,-0.109409333886312,0.715652313950629,-0.089147134259191,0.0211273627440248,-0.0892069035716484,5293.11,0.0700000000006185,744.231000000001
450,-0.100862572597229,0.0158090587305733,-0.0794753212382328,0.678742623174602,-0.0891516341402365,0.0211273613476649,-0.0892069035716484,5293.11,0.0700000000006185,744.231000000001
451,-0.0992723496267651,0.0124287726187754,-0.0433166830029068,0.671981196005907,-0.0891544693651198,0.0211273601265494,-0.0892069035716484,5293.11,0.0700000000006185,744.231000000001
452,-0.0986898119038169,0.0158920067491072,-0.121976132719408,0.670845804178638,-0.0891550460547217,0.0211273592422261,-0.0892069035716484,5293.11,0.0700000000006185,744.231000000001
453,-0.0996357952059569,0.0119691469909262,-0.105158190626549,0.706441034473601,-0.0891647341572082,0.0211273578764404,-0.0892069035716484,5293.11,0.0700000000006185,744.231000000001
454,-0.102068895898217,0.0159196758793197,-0.105365512624678,0.70644669010679,-0.0891634712887281,0.0211273569288085,-0.0892069035716484,5293.11,0.0700000000006185,744.231000000001
455,-0.0966737736561125,0.015171884266791,-0.0747892860555894,0.696378108274368,-0.0891645897570417,0.0211273557515936,-0.0892069035716484,5293.11,0.0700000000006185,744.231000000001
456,-0.100530476396192,0.0145370848985107,-0.0610940143675274,0.687705232206458,-0.0891752769608445,0.0211273544352248,-0.0892069035716484,5293.11,0.0700000000006185,744.231000000001
457,-0.10095583023896,0.0153658694377039,-0.0869066948871788,0.715552081598674,-0.0891766745809441,0.0211273527815354,-0.0892069035716484,5293.11,0.0700000000006185,744.231000000001
458,-0.0987064246833068,0.0138324801604882,-0.117903511381701,0.698347979621736,-0.0891765512921221,0.0211273519703549,-0.0892069035716484,5293.11,0.0700000000006185,744.231000000001
459,-0.0972765805087727,0.0171880931452983,-0.053382368172364,0.711308885786451,-0.0891851099266177,0.0211273510004183,-0.0892069035716484,5293.11,0.0700000000006185,744.231000000001
460,-0.0993225012844866,0.0169094692844888,-0.10039911210854,0.697420159642119,-0.0891840517281857,0.0211273501552726,-0.0892069035716484,5293.11,0.0700000000006185,744.231000000001
461,-0.101761472307892,0.0160373307110496,-0.0370005608198718,0.716636946362967,-0.0891856858203539,0.0211273493075691,-0.0892069035716484,5293.11,0.0700000000006185,744.231000000001
462,-0.0968225453536094,0.0140799853841804,-0.137043506810718,0.689233031101262,-0.089180474905671,0.0211273484644425,-0.0892069035716484,5293.11,0.0700000000006185,744.231000000001
463,-0.0994435621819281,0.0154399640978584,-0.0350008306059963,0.695010993470068,-0.0891829111592912,0.0211273474251659,-0.0892069035716484,5293.11,0.0700000000006185,744.231000000001
464,-0.101036115213696,0.0150604236142279,-0.0553556750139817,0.701737634665876,-0.0891941925353592,0.0211273462215301,-0.0892069035716484,5293.11,0.0700000000006185,744.231000000001
465,-0.0967802103882525,0.0153077808074983,-0.0552713410909463,0.709381259335698,-0.0892003846817744,0.0211273448609393,-0.0892069035716484,5293.11,0.0700000000006185,744.231000000001
466,-0.0972240760462605,0.0152503643690006,-0.0415521178021946,0.683888060267516,-0.0891992818445377,0.021127343979344,-0.0892069035716484,5293.11,0.0700000000006185,744.231000000001
467,-0.0992646940090028,0.0135186619269474,-0.0918776002561157,0.687553942545391,-0.0892015473871304,0.0211273424883314,-0.0892069035716484,5293.11,0.0700000000006185,744.231000000001
468,-0.101678251877873,0.0148501838668957,-0.0810821854254965,0.713258689284685,-0.0892032570324233,0.0211273408907938,-0.0892069035716484,5293.11,0.0700000000006185,744.231000000001
469,-0.100772789420922,0.0151271148998685,-0.0443291140474237,0.699957353972725,-0.0892023813413338,0.0211273394317229,-0.0892069035716484,5293.11,0.0700000000006185,744.231000000001
470,-0.103678122586342,0.0163013852115123,-0.0728305056447666,0.674982919054824,-0.0892027358821288,0.0211273385585405,-0.0892069035716484,5293.11,0.0700000000006185,744.231000000001
471,-0.100810022443409,0.0147418281612941,-0.07412688685977,0.703304154471896,-0.0892056374046817,0.0211273377620101,-0.0892069035716484,5293.11,0.0700000000006185,744.231000000001
472,-0.0973666005145552,0.0161731542688767,-0.125237930963461,0.696242375551116,-0.0892063669309913,0.0211273367336843,-0.0892069035716484,5293.11,0.0700000000006185,744.231000000001
473,-0.0993674834046027,0.0142896702003941,-0.137649323682345,0.690271965733879,-0.0892069735920122,0.0211273355293306,-0.0892069035716484,5293.11,0.0700000000006185,744.231000000001
474,-0.0987702454802369,0.0136927873089029,-0.0641413269602503,0.714538553397834,-0.0892008467284455,0.0211273344951178,-0.0892069035716484,5293.11,0.0700000000006185,744.231000000001
475,-0.107854350549786,0.0155458171082525,-0.130931823921236,0.66474031800037,-0.0892052035289197,0.0211273335559939,-0.0892069035716484,5293.11,0.0700000000006185,744.231000000001
476,-0.100524994321279,0.0132760807951864,-0.068266931162633,0.718127213260812,-0.0892150570218462,0.0211273325177806,-0.0892069035716484,5293.11,0.0700000000006185,744.231000000001
477,-0.0986507306892793,0.0168160094793716,-0.0341445005784594,0.713582044147707,-0.0892162087889208,0.0211273312419573,-0.0892069035716484,5293.11,0.0700000000006185,744.231000000001
478,-0.101911126280842,0.0144056409684851,-0.0582040697074334,0.70906640681252,-0.0892159199013642,0.0211273305758457,-0.0892069035716484,5293.11,0.0700000000006185,744.231000000001
479,-0.100318212013254,0.0136383423983046,-0.0632346673423811,0.703952754300176,-0.0892159178185012,0.021127330057723,-0.0892069035716484,5293.11,0.0700000000006185,744.231000000001
480,-0.0995703671758158,0.0166453128913106,-0.107971670746363,0.698931425284075,-0.0892142033425927,0.0211273294033391,-0.0892069035716484,5293.11,0.0700000000006185,744.231000000001
481,-0.0974917269289442,0.0150269325641302,-0.0673001925339519,0.695611846314122,-0.0892205163320483,0.0211273277249549,-0.0892069035716484,5293.11,0.0700000000006185,744.231000000001
482,-0.0994106821472279,0.0151426574372765,-0.0633572207277386,0.713285506097172,-0.0892168736706367,0.0211273270971581,-0.0892069035716484,5293.11,0.0700000000006185,744.231000000001
483,-0.0969394956810781,0.0127197217123396,-0.0462683246426241,0.696267322513541,-0.0892170563645225,0.021127326426317,-0.0892069035716484,5293.11,0.0700000000006185,744.231000000001
484,-0.100038423143442,0.0139620588553683,-0.0763705538189375,0.680564486464694,-0.0892176137917708,0.0211273255342085,-0.0892069035716484,5293.11,0.0700000000006185,744.231000000001
485,-0.100730070848216,0.014289179230929,-0.080105093648315,0.685529221005426,-0.0892103675858493,0.021127324535726,-0.0892069035716484,5293.11,0.0700000000006185,744.231000000001
486,-0.0967500447729196,0.0157252621023524,-0.110236506630834,0.683555977898209,-0.0892063443497477,0.0211273234206539,-0.0892069035716484,5293.11,0.0700000000006185,744.231000000001
487,-0.0981575242976088,0.0160411532257928,-0.0780007429211017,0.688193860976258,-0.0892126950187944,0.0211273226233991,-0.0892069035716484,5293.11,0.0700000000006185,744.231000000001
488,-0.100805240223188,0.0125023166516325,-0.0484963521508563,0.705289443055838,-0.0892088843233978,0.0211273220109768,-0.0892069035716484,5293.11,0.0700000000006185,744.231000000001
489,-0.0965714544687843,0.0142624122458853,-0.0676318166669183,0.692450317958093,-0.0892078236250882,0.021127321425696,-0.0892069035716484,5293.11,0.0700000000006185,744.231000000001
490,-0.0970243523455251,0.014299781790413,-0.141907669766121,0.687033500492482,-0.0892080539173286,0.0211273208773758,-0.0892069035716484,5293.11,0.0700000000006185,744.231000000001
491,-0.0932236351869366,0.0142832538584833,-0.138261298728743,0.685619277226891,-0.089208640985222,0.0211273200549538,-0.0892069035716484,5293.11,0.0700000000006185,744.231000000001
492,-0.0943348696050392,0.0149767572012867,-0.12152976414113,0.697741576638899,-0.0892103838295952,0.0211273194915479,-0.0892069035716484,5293.11,0.0700000000006185,744.231000000001
493,-0.095197436929505,0.0151965818606924,-0.136517429752101,0.689048748653645,-0.0892105517780468,0.0211273189552179,-0.0892069035716484,5293.11,0.0700000000006185,744.231000000001
494,-0.0968200469621601,0.0131057804959709,-0.142921606782592,0.684945009508086,-0.0892126886942961,0.02112731804321,-0.0892069035716484,5293.11,0.0700000000006185,744.231000000001
495,-0.0989929465288618,0.0142921187506896,-0.0678354318740992,0.697232357289933,-0.0892042698994544,0.0211273171418538,-0.0892069035716484,5293.11,0.0700000000006185,744.231000000001
496,-0.10243367574442,0.0145213579839077,-0.106963881559244,0.706193118896653,-0.0892047048704114,0.0211273165421469,-0.0892069035716484,5293.11,0.0700000000006185,744.231000000001
497,-0.0937042930142214,0.0136012683197814,-0.0841454300783349,0.683467141759602,-0.0892034803697861,0.0211273158404065,-0.0892069035716484,5293.11,0.0700000000006185,744.231000000001
498,-0.100553677214951,0.0191271711063103,-0.0596110971596057,0.6850827818568,-0.0892059597418822,0.0211273150293166,-0.0892069035716484,5293.11,0.0700000000006185,744.231000000001
499,-0.0971606854369133,0.0126518579675557,-0.0767158761908457,0.675669182939604,-0.0892039383237595,0.0211273144025376,-0.0892069035716484,5293.11,0.0700000000006185,744.231000000001
500,-0.098150752930888,0.0140271963461239,-0.080546337844062,0.710093204316109,-0.0892067529902851,0.0211273132964863,-0.0892069035716484,5293.11,0.0700000000006185,744.231000000001
