"","Mobility","Employment","Sex","Education","Disability","Health_insurance","Own_child","Race","Total_person_income"
"1",1,1,1,16,2,1,0,1,98000
"2",1,1,2,22,2,1,0,1,93390
"3",1,6,2,17,1,1,0,3,500
"4",1,1,2,16,2,2,0,1,1200
"5",1,1,2,21,2,1,0,1,35000
"6",3,6,2,21,2,1,0,1,19960
"7",1,1,2,21,2,1,0,1,35000
"8",1,1,1,21,2,1,0,1,50000
"9",1,1,1,20,2,2,0,1,21000
"10",1,1,2,21,2,1,0,1,57300
"11",1,6,1,17,2,1,0,1,22800
"12",1,1,2,16,2,1,0,1,10000
"13",1,1,1,20,2,1,0,1,66000
"14",1,6,2,16,2,1,0,6,17500
"15",1,6,1,21,1,1,0,1,101100
"16",1,1,2,19,2,1,0,1,88900
"17",1,6,2,21,1,1,0,1,10800
"18",1,6,2,16,2,1,0,1,26000
"19",1,1,1,20,2,1,0,1,81900
"20",1,6,2,21,2,1,0,1,20300
"21",1,1,2,24,2,1,0,1,74300
"22",1,1,1,16,2,2,0,1,30000
"23",1,1,1,18,1,1,0,3,34700
"24",1,1,2,22,2,1,0,1,68000
"25",1,1,2,20,2,1,0,1,32000
"26",1,1,2,22,2,1,0,1,63000
"27",1,2,2,19,2,1,0,1,14400
"28",1,6,1,17,1,1,0,1,19400
"29",1,1,2,18,2,1,0,1,8000
"30",1,1,1,19,2,1,0,1,35500
"31",1,1,1,18,2,1,0,1,53000
"32",1,6,1,23,2,1,0,1,165000
"33",1,6,1,19,2,1,0,1,42820
"34",1,1,1,21,2,2,0,1,16000
"35",1,6,2,21,2,1,0,1,34200
"36",1,6,1,21,1,1,0,1,11000
"37",1,1,2,22,2,2,0,1,50000
"38",1,6,1,21,2,1,0,1,34000
"39",1,1,2,22,2,1,0,1,15000
"40",1,1,1,17,2,1,0,1,30000
"41",1,6,2,16,2,2,0,1,8510
"42",1,2,2,21,2,1,0,1,54500
"43",1,6,2,22,2,1,0,1,34000
"44",1,1,1,19,2,1,0,3,28600
"45",1,1,2,22,2,1,0,1,26500
"46",3,1,1,16,2,1,0,1,28000
"47",1,1,1,20,2,1,0,1,96500
"48",1,1,1,22,2,1,0,1,91000
"49",3,1,1,16,2,2,0,1,1e+05
"50",1,1,2,21,2,1,0,1,67000
"51",1,1,2,22,2,1,0,1,73000
"52",1,6,1,18,1,1,0,1,26000
"53",3,6,2,21,2,1,0,1,8000
"54",1,6,2,21,2,1,0,1,12000
"55",3,1,2,16,2,1,0,1,16600
"56",1,1,2,16,2,1,0,1,18000
"57",1,1,1,16,2,1,0,1,20000
"58",1,1,2,20,2,2,0,9,41500
"59",1,2,2,19,2,1,0,1,9000
"60",1,6,2,16,2,1,0,1,10300
"61",1,1,2,17,2,1,0,1,63000
"62",1,6,2,18,1,1,0,1,22600
"63",1,6,2,13,2,1,1,1,1500
"64",1,1,2,13,2,1,0,1,73000
"65",1,6,1,16,2,1,0,1,33400
"66",1,1,2,21,2,1,0,1,47000
"67",1,1,2,21,2,1,0,1,36000
"68",1,1,1,18,2,2,0,1,10000
"69",1,1,2,20,2,1,0,1,30000
"70",1,1,2,14,2,1,0,1,4700
"71",1,6,1,18,2,1,0,3,2000
"72",1,1,1,21,2,1,0,1,56000
"73",1,1,1,21,2,1,0,1,123000
"74",1,1,2,21,2,1,0,1,51000
"75",1,1,2,22,2,1,0,1,7800
"76",3,6,2,1,1,1,0,1,11200
"77",1,1,1,19,2,1,0,1,53000
"78",1,6,1,24,1,1,0,1,110300
"79",1,1,2,19,2,1,0,1,70200
"80",1,6,2,18,2,1,0,1,8020
"81",3,1,2,17,2,2,0,1,7000
"82",1,1,1,19,2,1,0,1,60000
"83",1,6,1,16,1,1,0,1,22800
"84",1,1,2,13,2,1,1,1,5000
"85",1,1,1,16,2,1,0,1,72000
"86",1,1,1,18,2,1,0,1,40000
"87",1,1,2,19,2,1,0,1,24000
"88",1,1,1,16,2,1,0,1,38000
"89",1,6,1,16,2,1,0,1,40580
"90",1,1,2,24,2,1,0,1,470000
"91",1,1,1,21,2,1,0,1,46800
"92",1,6,2,22,2,1,0,1,30000
"93",1,6,2,20,2,1,0,1,36000
"94",1,1,1,16,2,1,0,1,45000
"95",1,6,2,22,2,1,0,1,32400
"96",1,1,1,16,2,1,0,1,85000
"97",1,1,2,19,2,1,0,1,57500
"98",1,6,2,19,2,1,0,1,21600
"99",1,1,2,20,2,1,0,1,80000
"100",1,1,2,19,2,1,0,1,10000
"101",1,1,1,20,2,2,0,1,16000
"102",1,1,2,21,2,1,0,1,66870
"103",1,1,1,22,2,1,0,1,65500
"104",1,1,2,16,2,1,0,1,18000
"105",1,1,1,16,2,2,0,1,35300
"106",1,6,2,16,1,1,0,1,14300
"107",1,1,1,1,2,1,0,1,90000
"108",1,1,2,18,2,1,0,1,29000
"109",1,6,1,18,2,1,0,1,48020
"110",1,1,1,16,2,1,0,1,95400
"111",1,6,2,18,2,1,0,1,38000
"112",1,6,2,20,1,1,0,1,8400
"113",1,1,1,20,2,1,0,1,46900
"114",1,1,2,16,2,1,0,1,27600
"115",1,1,1,18,2,1,0,1,49500
"116",1,1,2,19,2,1,0,1,36200
"117",1,1,2,19,2,1,0,1,24000
"118",1,2,1,21,2,1,0,1,44000
"119",1,6,1,14,2,1,0,1,800
"120",1,1,1,21,2,2,0,1,14000
"121",3,1,1,16,2,1,0,1,13700
"122",1,3,1,21,2,1,0,1,37200
"123",1,1,2,19,2,1,0,1,13100
"124",3,1,1,16,2,1,0,1,20000
"125",1,1,1,16,2,1,0,1,560000
"126",1,1,1,16,2,1,0,1,146000
"127",1,1,1,21,2,1,0,1,51500
"128",1,6,2,16,1,1,0,1,61000
"129",1,1,1,13,2,1,0,3,28300
"130",1,1,1,20,2,1,0,1,54000
"131",3,1,1,20,2,1,0,1,41600
"132",1,1,2,20,2,1,0,1,28600
"133",1,1,1,18,2,1,0,1,45000
"134",3,6,1,14,1,2,0,1,8700
"135",1,1,2,20,2,1,0,1,45620
"136",1,6,1,19,2,1,0,1,46020
"137",3,1,2,21,2,2,0,1,22900
"138",1,1,2,19,2,2,0,1,15200
"139",1,2,1,16,2,1,0,1,180000
"140",1,1,1,19,2,1,0,1,48000
"141",1,1,2,18,2,2,0,3,18700
"142",1,6,1,21,2,1,0,1,38100
"143",1,1,2,16,2,1,0,1,18000
"144",1,1,2,19,2,1,0,1,44900
"145",1,1,1,16,1,1,0,1,81200
"146",1,1,1,15,2,1,0,1,112000
"147",1,6,1,19,2,1,0,1,12000
"148",1,6,1,18,2,1,0,1,51200
"149",3,4,2,21,2,1,0,1,30000
"150",1,6,1,22,2,1,0,1,39000
"151",1,1,2,17,2,1,0,1,48400
"152",1,6,2,21,2,1,0,1,30000
"153",1,6,1,16,2,1,0,1,2500
"154",1,6,2,21,2,1,0,1,2700
"155",1,1,1,21,2,1,0,1,77050
"156",1,6,2,16,2,1,0,3,1200
"157",1,1,2,20,2,1,0,1,70800
"158",1,6,2,16,1,1,0,1,9200
"159",3,1,1,20,2,1,0,1,36000
"160",1,6,2,18,2,1,0,1,67000
"161",3,1,1,17,2,1,0,9,36000
"162",1,1,2,21,2,1,0,1,91000
"163",1,6,1,16,1,1,0,1,10000
"164",1,6,1,21,1,1,0,1,49000
"165",1,6,1,19,2,1,0,1,7800
"166",1,1,1,19,2,1,0,1,128100
"167",1,1,2,13,2,1,1,1,3000
"168",3,1,1,16,2,1,0,1,50000
"169",1,1,2,14,2,1,0,1,30000
"170",1,6,2,20,2,1,0,1,69000
"171",1,1,1,16,2,1,0,1,41000
"172",1,1,2,14,2,1,1,9,270
"173",3,1,2,15,2,2,0,1,29800
"174",1,1,2,17,2,1,0,1,32500
"175",1,1,1,14,2,1,0,1,4000
"176",1,1,2,22,2,1,0,1,67000
"177",3,1,2,22,2,1,0,1,33000
"178",1,1,2,18,2,1,0,1,26010
"179",1,1,1,21,2,1,0,1,14000
"180",1,6,1,16,2,1,0,1,26000
"181",1,1,1,21,2,1,0,1,91000
"182",1,1,1,18,2,2,0,1,25000
"183",1,1,1,16,2,1,0,1,85000
"184",1,6,1,21,1,1,0,1,95000
"185",1,1,2,20,2,1,0,1,5000
"186",1,6,2,16,1,1,0,1,16500
"187",1,1,2,8,2,1,0,1,28500
"188",1,1,1,16,2,1,0,1,109000
"189",1,1,1,9,1,1,0,1,47300
"190",1,1,2,21,2,1,0,1,42500
"191",1,1,1,21,2,1,0,1,82000
"192",1,1,2,16,2,1,0,1,45000
"193",3,1,2,21,2,1,0,9,39800
"194",1,1,2,20,2,1,0,1,54000
"195",1,6,1,16,2,1,0,1,74150
"196",1,1,2,22,2,1,0,1,72000
"197",1,1,2,16,2,1,0,1,29700
"198",1,1,1,21,2,2,0,1,63300
"199",1,1,2,21,2,1,0,6,87000
"200",3,4,2,19,2,1,0,6,38000
"201",1,6,1,19,2,1,0,1,61800
"202",1,6,1,6,1,1,0,1,10900
"203",1,1,2,18,2,1,0,1,40000
"204",3,1,2,19,1,1,0,1,58000
"205",1,6,1,19,2,1,0,1,29000
"206",3,1,2,18,2,2,0,1,9500
"207",1,1,1,17,2,1,0,1,72000
"208",1,1,1,16,1,1,0,1,55000
"209",3,1,1,19,2,1,0,1,1500
"210",1,1,2,21,2,1,0,1,12000
"211",1,1,2,19,2,2,0,1,12000
"212",1,6,2,21,2,1,0,1,194000
"213",1,1,2,24,2,1,0,6,87000
"214",1,1,2,21,2,1,0,1,6080
"215",1,1,1,21,2,1,0,1,30000
"216",1,1,2,21,2,1,0,1,25000
"217",1,6,2,19,2,1,0,1,5000
"218",1,6,2,16,1,1,0,1,13100
"219",3,1,2,18,1,1,0,1,35000
"220",1,1,2,19,2,1,0,1,60000
"221",1,1,1,21,2,1,0,1,131900
"222",1,6,1,20,2,1,0,1,87000
"223",1,1,2,21,2,1,0,1,283000
"224",1,6,2,17,2,1,0,1,15100
"225",1,6,1,12,1,1,0,1,202400
"226",1,1,1,19,2,1,0,1,75000
"227",1,1,1,16,2,1,0,1,120000
"228",1,6,2,16,2,2,0,3,500
"229",1,1,1,16,2,1,0,1,21200
"230",1,6,1,16,2,1,0,1,24000
"231",3,6,2,19,2,1,0,1,39500
"232",1,1,1,19,2,1,0,9,32010
"233",1,1,1,14,2,1,0,9,62000
"234",1,1,2,16,2,2,0,3,16000
"235",1,1,2,17,2,1,0,1,36000
"236",1,6,2,16,2,1,0,1,2200
"237",1,1,1,20,2,1,0,3,42220
"238",1,1,2,19,2,1,0,3,45800
"239",1,1,2,22,2,1,0,1,56000
"240",3,3,1,22,2,1,0,1,18000
"241",1,1,1,20,1,1,0,1,41000
"242",1,1,1,22,2,1,0,1,50000
"243",1,6,2,19,2,1,0,1,207800
"244",3,1,1,19,2,1,0,1,10020
"245",1,6,2,18,2,1,0,1,19200
"246",1,1,1,19,2,1,0,1,29100
"247",1,1,2,22,2,2,0,1,29100
"248",3,1,2,21,2,1,0,1,25000
"249",1,6,2,21,2,1,0,1,61420
"250",1,6,2,18,2,1,0,1,12000
"251",1,6,1,22,1,1,0,1,22800
"252",1,1,1,19,1,2,0,1,12200
"253",3,1,2,21,2,1,0,1,65000
"254",1,1,2,16,2,1,0,1,17300
"255",1,6,1,20,2,1,0,1,27000
"256",1,1,2,16,2,2,0,3,2900
"257",1,1,1,21,2,2,0,1,15000
"258",1,6,2,19,2,1,0,1,26800
"259",1,1,1,13,2,1,1,1,3000
"260",1,1,2,19,2,1,0,1,10400
"261",1,6,1,21,1,1,0,1,26400
"262",3,1,2,19,2,1,0,1,32400
"263",3,6,1,23,1,1,0,1,1800
"264",3,1,2,21,2,1,0,1,40000
"265",1,1,2,20,2,1,0,1,60000
"266",1,1,2,21,2,1,0,1,12000
"267",1,1,2,18,1,1,0,1,85000
"268",1,1,1,19,2,2,0,1,45000
"269",1,6,2,16,2,1,0,1,5400
"270",1,3,2,20,2,1,0,1,36400
"271",1,6,2,22,2,1,0,1,38300
"272",1,6,1,17,2,2,0,3,720
"273",1,1,2,5,2,1,0,8,20800
"274",1,1,1,22,2,1,0,1,97800
"275",1,1,1,16,2,1,0,1,95600
"276",1,6,2,19,1,1,0,1,19800
"277",1,1,2,16,2,1,0,1,30400
"278",1,1,1,16,2,1,0,1,5000
"279",1,1,1,19,2,1,0,1,7000
"280",3,1,1,21,2,1,0,1,98000
"281",1,1,2,17,1,1,0,1,14500
"282",1,1,1,20,2,1,0,1,60000
"283",1,1,2,19,2,1,0,1,70000
"284",1,6,2,21,2,1,0,1,700
"285",1,1,1,16,2,1,0,1,31200
"286",1,1,2,20,2,1,0,1,24200
"287",1,3,2,16,2,1,0,1,45000
"288",1,1,1,18,2,1,0,1,63000
"289",1,6,1,16,1,1,0,1,37600
"290",1,1,2,21,2,1,0,1,79000
"291",1,6,2,22,2,1,0,1,51700
"292",1,1,1,17,2,1,0,1,70000
"293",1,1,1,21,2,1,0,1,468200
"294",1,6,1,21,2,1,0,3,114100
"295",3,1,2,19,2,1,0,1,18900
"296",1,1,2,22,2,1,0,1,67000
"297",1,6,1,16,1,1,0,1,16600
"298",1,1,2,21,2,1,0,1,28000
"299",3,6,2,16,1,1,0,1,73900
"300",1,6,2,20,2,1,0,1,10000
"301",1,1,2,19,2,1,0,1,24000
"302",1,6,2,20,2,1,0,1,33000
"303",1,1,2,19,2,1,0,1,9500
"304",1,1,2,19,2,1,0,1,30000
"305",3,1,1,21,2,1,0,1,50000
"306",1,6,2,16,1,1,0,1,6900
"307",1,6,2,21,2,1,0,1,10
"308",1,1,2,17,2,2,0,1,1000
"309",1,1,1,15,2,1,0,1,30000
"310",1,1,2,16,2,2,0,1,26000
"311",1,1,1,19,2,1,0,1,58610
"312",1,1,2,20,2,1,0,1,44100
"313",3,6,2,17,2,1,0,1,10000
"314",1,6,2,13,2,1,0,9,10700
"315",1,1,2,21,2,1,0,1,70000
"316",1,1,1,16,2,1,0,1,57000
"317",1,1,1,19,2,2,0,1,38000
"318",1,1,1,13,2,1,0,1,55800
"319",1,1,2,21,2,1,0,1,36000
"320",1,1,1,17,2,1,0,1,35000
"321",1,6,2,15,2,2,0,1,4000
"322",1,6,2,19,1,1,0,1,11300
"323",3,3,2,16,2,2,0,1,20900
"324",1,1,2,16,2,1,0,1,12000
"325",1,1,2,22,2,1,0,1,50000
"326",1,6,1,21,2,1,0,1,21600
"327",1,1,2,16,2,1,0,1,24000
"328",1,1,2,11,1,1,0,1,33200
"329",1,1,2,19,2,1,0,1,50000
"330",3,2,2,21,2,1,0,1,9700
"331",1,3,2,16,2,2,0,1,1400
"332",1,1,1,19,1,1,0,1,105000
"333",1,3,1,15,2,1,0,1,21000
"334",1,1,1,21,1,1,0,1,150000
"335",1,6,2,16,2,1,0,1,31800
"336",1,1,2,22,2,1,0,1,60000
"337",1,1,2,22,2,1,0,1,50000
"338",1,6,1,14,1,1,0,3,11000
"339",1,1,1,16,2,1,0,1,50000
"340",3,1,2,19,2,1,0,1,5000
"341",1,1,2,14,2,1,0,3,15900
"342",1,1,2,16,2,1,0,1,30000
"343",3,1,1,16,2,1,0,1,104400
"344",1,1,1,16,2,1,0,1,137000
"345",1,6,2,19,1,1,0,1,7500
"346",1,2,1,19,2,1,0,1,19600
"347",1,1,1,16,2,2,0,1,25510
"348",1,1,2,20,2,1,0,1,60000
"349",3,1,2,16,2,1,0,1,9000
"350",1,1,2,22,2,1,0,1,100030
"351",3,1,2,14,2,1,0,1,33000
"352",1,1,1,21,2,1,0,1,94900
"353",1,1,1,20,2,2,0,1,13600
"354",1,1,2,17,2,1,0,3,29000
"355",1,1,2,21,2,1,0,1,45000
"356",1,1,1,19,2,1,0,1,45000
"357",1,1,2,14,2,1,1,1,3220
"358",1,1,1,22,2,1,0,1,237400
"359",1,6,2,21,2,1,0,1,15990
"360",1,1,1,22,2,1,0,1,75000
"361",3,1,1,21,2,1,0,1,35000
"362",3,6,2,21,2,1,0,1,3000
"363",1,1,2,18,1,1,0,1,43000
"364",1,1,1,19,2,1,0,1,109000
"365",1,1,2,16,2,1,0,1,41500
"366",1,6,2,16,1,1,0,3,10400
"367",1,1,2,20,2,1,0,1,50000
"368",1,1,2,18,2,1,0,1,4900
"369",3,1,1,19,2,1,0,1,43300
"370",1,1,1,17,2,1,0,1,750
"371",1,6,2,22,2,1,0,1,50200
"372",3,1,2,16,2,2,0,1,34000
"373",1,1,1,19,2,2,0,1,88000
"374",1,1,2,19,2,1,0,1,40000
"375",1,1,1,21,2,1,0,1,62020
"376",1,6,2,19,2,1,0,1,19200
"377",1,1,1,19,2,1,0,1,77000
"378",1,6,2,19,2,1,0,1,7200
"379",1,1,2,18,2,1,0,1,17900
"380",1,1,1,21,2,2,0,1,24000
"381",1,6,1,22,2,1,0,1,51000
"382",1,1,1,21,2,1,0,1,38000
"383",1,1,2,21,2,1,0,1,50000
"384",1,6,2,21,1,1,0,1,49900
"385",1,6,1,19,2,1,0,1,18800
"386",1,1,2,22,2,1,0,1,60000
"387",1,1,2,16,2,1,0,1,12000
"388",1,1,1,18,2,1,0,1,40000
"389",1,1,2,19,2,1,0,1,400
"390",3,1,1,21,2,1,0,1,77000
"391",1,1,1,18,2,1,0,1,62000
"392",1,6,1,19,1,1,0,1,20400
"393",3,1,2,20,2,1,0,1,2400
"394",1,1,1,16,2,1,0,1,60000
"395",3,1,2,20,2,1,0,1,1200
"396",1,1,2,14,1,1,0,1,8000
"397",1,6,1,16,2,1,0,1,68800
"398",1,1,2,21,2,1,0,1,33300
"399",1,1,2,19,2,2,0,1,19000
"400",1,1,1,16,2,1,0,1,1600
"401",1,1,2,21,2,1,0,1,103000
"402",1,1,2,19,2,1,0,1,59000
"403",1,1,1,14,2,1,1,1,1000
"404",1,1,2,19,2,1,0,1,39200
"405",1,1,1,16,2,1,0,1,60000
"406",1,1,1,23,2,1,0,1,219000
"407",3,1,1,11,2,2,0,1,29220
"408",1,1,1,19,2,1,0,1,118000
"409",1,1,2,16,2,1,0,1,24000
"410",1,1,1,16,2,1,0,1,38000
"411",1,1,1,14,2,1,0,1,60000
"412",1,1,1,16,2,1,0,1,5000
"413",1,1,1,22,2,2,0,1,9300
"414",1,6,1,21,2,1,0,1,76600
"415",1,1,1,18,2,1,0,1,5000
"416",1,1,1,16,2,1,0,1,113000
"417",1,6,2,12,2,1,0,1,7800
"418",1,6,1,19,2,1,0,1,73300
"419",1,1,1,19,2,1,0,1,35000
"420",1,1,1,19,1,1,0,1,26000
"421",1,3,1,19,2,2,0,1,89800
"422",1,6,2,19,1,1,0,1,208000
"423",1,1,2,21,2,1,0,9,27500
"424",1,1,1,16,2,1,0,1,120000
"425",1,6,2,19,1,1,0,1,23480
"426",1,1,2,19,2,1,0,1,24000
"427",1,1,1,21,2,1,0,1,40000
"428",1,6,2,16,1,1,0,1,18700
"429",3,1,1,13,2,1,0,1,19200
"430",1,1,1,16,2,1,0,1,80000
"431",1,3,1,21,2,1,0,1,81900
"432",1,1,2,20,2,1,0,1,26000
"433",1,1,2,22,2,1,0,1,65000
"434",1,1,1,16,1,1,0,1,92870
"435",1,1,2,16,2,1,0,1,24000
"436",1,1,1,16,2,1,0,1,59000
"437",1,1,1,19,2,1,0,1,111900
"438",1,1,2,21,2,1,0,1,52000
"439",1,3,2,17,2,1,0,3,51220
"440",1,1,2,21,2,1,0,1,44000
"441",1,1,2,19,2,1,0,1,11000
"442",1,1,1,16,2,2,0,1,13000
"443",3,6,2,13,1,2,0,1,1200
"444",1,1,1,19,1,1,0,1,36000
"445",1,1,2,19,2,1,0,3,60540
"446",1,1,1,18,2,1,0,1,60000
"447",1,6,2,18,2,1,0,1,53000
"448",1,6,1,12,1,1,0,1,8000
"449",3,1,1,21,2,1,0,1,47210
"450",1,1,1,16,2,1,0,9,1700
"451",1,6,2,19,2,1,0,1,16000
"452",1,6,2,21,2,1,0,1,31000
"453",1,6,1,14,2,1,1,3,500
"454",1,1,1,19,2,1,0,1,24000
"455",1,1,1,16,2,1,0,1,26000
"456",1,1,2,20,2,1,0,1,96900
"457",1,6,2,20,2,1,0,1,660
"458",1,1,1,19,2,1,0,1,150000
"459",1,6,1,20,2,1,0,1,14500
"460",1,1,1,21,2,1,0,1,1e+05
"461",1,6,1,21,2,1,0,1,30910
"462",3,6,2,16,2,1,0,1,11100
"463",1,1,2,19,2,1,0,3,12340
"464",1,1,2,19,2,1,0,1,42500
"465",1,1,2,16,2,2,0,1,14000
"466",3,1,1,22,2,1,0,1,25500
"467",1,6,1,18,1,1,0,1,27600
"468",1,6,2,17,2,1,0,1,30000
"469",1,1,1,16,2,1,0,1,95000
"470",3,2,1,24,1,1,0,1,88000
"471",1,1,1,20,2,1,0,2,89000
"472",1,6,1,6,2,2,0,1,12000
"473",1,6,2,19,1,1,0,3,11420
"474",1,1,2,19,2,2,0,1,10500
"475",3,1,1,21,2,1,0,1,85000
"476",1,1,2,20,2,1,0,1,28600
"477",1,6,1,15,2,1,0,1,56000
"478",1,1,1,16,2,1,0,1,27900
"479",3,6,2,16,1,1,0,1,8000
"480",1,6,2,19,2,1,0,3,1100
"481",1,2,2,19,2,1,0,1,3000
"482",1,1,1,16,2,2,0,1,10000
"483",1,6,2,15,1,1,0,1,26000
"484",1,1,1,17,2,1,0,1,50000
"485",1,1,1,21,2,1,0,1,81040
"486",1,1,2,20,2,1,0,3,22600
"487",1,1,1,16,1,1,0,1,87600
"488",1,6,2,16,2,1,0,1,4000
"489",3,1,2,21,2,1,0,1,14000
"490",1,1,1,15,2,1,0,1,121000
"491",1,1,2,22,2,1,0,1,70000
"492",1,1,1,24,2,1,0,1,121400
"493",1,1,2,19,1,1,0,1,3500
"494",1,3,2,22,2,1,0,1,101750
"495",1,6,2,20,1,1,0,1,16000
"496",3,3,2,21,2,1,0,3,11000
"497",1,6,1,22,2,1,0,1,56400
"498",1,6,1,14,2,1,1,1,4000
"499",1,1,2,20,2,1,0,1,7100
"500",1,6,2,16,2,1,0,1,12500
"501",1,6,2,16,2,1,0,1,500
"502",1,1,1,16,2,1,0,1,10000
"503",1,6,1,19,2,1,0,1,59700
"504",1,6,1,16,2,1,0,1,12500
"505",1,1,1,19,2,1,0,1,28000
"506",1,1,2,22,2,1,0,1,83000
"507",3,6,2,22,1,1,0,1,15700
"508",1,1,2,22,1,1,0,1,26000
"509",1,1,2,18,1,1,0,1,20000
"510",3,1,2,22,2,1,0,1,25000
"511",1,6,2,20,1,1,0,1,2600
"512",1,1,2,21,2,1,0,1,50000
"513",1,6,1,18,1,1,0,1,15960
"514",3,1,2,19,2,1,0,1,87000
"515",1,1,2,16,2,1,0,1,21300
"516",1,1,1,23,2,1,0,1,95600
"517",1,6,2,19,1,1,0,1,10800
"518",1,6,1,17,2,1,0,1,9600
"519",1,6,1,16,1,1,0,1,15400
"520",1,1,1,21,2,1,0,1,45000
"521",1,6,1,21,2,1,0,1,16000
"522",1,6,2,16,2,1,0,1,16900
"523",1,6,2,16,2,1,0,1,18900
"524",3,2,2,20,2,1,0,1,60000
"525",1,6,2,20,2,1,0,1,23800
"526",1,1,1,22,2,1,0,1,53000
"527",1,1,1,20,2,1,0,1,14000
"528",1,6,2,19,2,1,0,1,33500
"529",1,6,1,19,2,1,0,1,28660
"530",1,6,2,15,2,1,0,1,27500
"531",1,1,1,19,2,1,0,1,138030
"532",1,1,2,16,2,1,0,1,112000
"533",1,6,2,19,2,1,0,1,12300
"534",1,1,1,19,2,2,0,3,25900
"535",1,6,2,18,2,1,0,1,4600
"536",1,3,1,20,2,2,0,3,15000
"537",1,1,1,16,1,2,0,1,37500
"538",1,6,1,22,2,1,0,1,17500
"539",1,3,1,14,2,1,1,1,2500
"540",1,1,2,20,2,1,0,1,20000
"541",1,1,1,14,2,1,0,1,10000
"542",1,1,2,16,2,2,0,3,39000
"543",3,1,1,21,2,1,0,1,34400
"544",1,1,2,21,2,1,0,1,35000
"545",1,6,1,22,1,1,0,1,26500
"546",1,1,2,16,2,1,0,1,16700
"547",1,6,1,22,2,1,0,1,34700
"548",1,1,1,19,2,1,0,1,105000
"549",1,1,1,20,2,1,0,1,61600
"550",1,6,1,22,1,1,0,1,46500
"551",3,1,1,19,2,1,0,1,40000
"552",1,6,1,22,2,1,0,1,90000
"553",1,1,1,21,2,1,0,1,242000
"554",1,2,2,21,2,1,0,1,4200
"555",1,1,1,20,2,1,0,1,120000
"556",1,6,2,19,1,1,0,9,20100
"557",1,6,2,20,1,1,0,1,6000
"558",1,6,2,21,2,1,0,1,14400
"559",1,6,1,18,1,1,0,1,19400
"560",1,6,2,19,2,1,0,1,73600
"561",3,1,2,18,1,1,0,1,28000
"562",1,1,1,14,2,2,0,1,1000
"563",1,2,2,6,2,2,0,1,13900
"564",1,1,2,18,2,1,0,6,25500
"565",1,1,2,22,2,1,0,1,55000
"566",1,1,1,19,2,1,0,1,85000
"567",1,2,2,18,1,1,0,1,8000
"568",1,2,1,19,2,1,0,1,46100
"569",1,1,2,19,2,1,0,1,25000
"570",1,1,1,19,2,1,0,1,63220
"571",1,6,1,22,2,1,0,1,68000
"572",1,1,1,19,2,1,0,1,55000
"573",1,6,2,16,2,1,0,1,23000
"574",3,1,1,22,2,1,0,1,102180
"575",1,1,1,16,2,1,0,1,48000
"576",1,6,1,18,1,1,0,1,65900
"577",1,6,1,11,1,1,0,1,19900
"578",1,1,2,16,2,1,0,1,17200
"579",1,1,1,16,1,1,0,1,81300
"580",3,1,2,9,2,2,0,1,2000
"581",1,1,2,18,2,1,0,1,66200
"582",1,1,1,14,2,1,1,1,5000
"583",1,6,2,15,2,1,0,1,16800
"584",1,1,1,19,2,1,0,1,47000
"585",1,1,1,16,2,1,0,1,65000
"586",1,1,1,18,2,1,0,1,78000
"587",1,3,2,16,2,1,0,1,4700
"588",3,1,2,16,2,1,0,1,16000
"589",1,3,2,16,2,1,0,1,4000
"590",1,1,1,21,2,1,0,1,60000
"591",1,2,2,19,2,1,0,1,30000
"592",1,1,2,22,2,1,0,1,140600
"593",1,1,1,16,2,1,0,1,95000
"594",1,2,1,16,2,2,0,1,60000
"595",3,1,1,21,2,1,0,1,2400
"596",3,6,1,19,2,1,0,1,7000
"597",1,1,2,16,2,2,0,1,78000
"598",1,6,2,22,2,1,0,1,11000
"599",3,6,1,16,1,1,0,1,25000
"600",1,1,2,19,2,1,0,1,50000
"601",1,6,2,20,1,1,0,1,22900
"602",1,1,2,19,2,1,0,1,75000
"603",1,1,1,16,2,1,0,1,70000
"604",1,1,2,20,1,1,0,1,48000
"605",3,2,2,20,2,1,0,1,20800
"606",1,1,1,20,2,1,0,1,25000
"607",1,1,1,16,2,1,0,1,25000
"608",1,1,1,20,2,1,0,1,94800
"609",1,6,2,16,2,1,0,1,13000
"610",1,1,2,18,2,2,0,1,31000
"611",1,1,1,17,2,2,0,1,7000
"612",1,1,2,18,2,1,0,1,40000
"613",3,1,1,21,2,1,0,1,36000
"614",1,1,2,20,2,1,0,1,6900
"615",1,6,2,16,1,1,0,1,14500
"616",1,6,2,22,2,1,0,1,500
"617",1,1,1,22,2,1,0,1,58400
"618",1,1,2,20,2,1,0,1,34500
"619",1,1,1,22,2,1,0,1,70000
"620",3,1,1,21,2,1,0,1,20000
"621",3,6,1,21,1,1,0,1,28620
"622",1,1,1,18,2,1,0,1,120000
"623",3,1,1,13,2,1,0,8,48000
"624",1,1,2,20,2,1,0,1,24000
"625",1,1,1,24,2,1,0,1,460000
"626",3,1,2,20,2,1,0,1,36000
"627",3,6,2,18,2,1,0,1,21500
"628",1,1,1,16,2,1,0,1,40000
"629",1,6,2,16,2,1,0,1,100
"630",1,1,2,22,2,1,0,1,68900
"631",1,1,1,19,2,1,0,1,1e+05
"632",1,1,2,16,2,2,0,1,600
"633",1,1,1,19,2,1,0,3,94800
"634",3,3,1,20,2,2,0,3,17600
"635",3,1,2,14,2,2,1,1,8400
"636",1,1,2,16,2,1,0,1,5000
"637",1,6,1,23,2,1,0,1,72420
"638",1,1,1,19,2,1,0,1,65000
"639",3,1,1,17,2,1,0,9,70000
"640",1,6,2,19,1,1,0,1,10600
"641",1,6,2,22,2,1,0,1,31100
"642",1,1,1,18,2,1,0,1,92000
"643",1,6,1,16,2,1,0,1,3800
"644",1,1,1,20,2,1,0,1,92000
"645",1,6,2,22,2,1,0,1,9000
"646",1,1,1,20,2,1,0,1,17000
"647",1,1,1,20,2,1,0,1,25500
"648",1,3,1,16,2,1,0,1,22600
"649",1,1,2,19,2,1,0,1,13000
"650",1,1,1,21,2,1,0,1,54000
"651",3,4,1,16,2,1,0,1,19000
"652",1,1,2,21,2,1,0,1,22000
"653",3,1,2,21,2,1,0,1,47500
"654",1,1,1,16,2,1,0,1,24000
"655",1,6,2,20,2,1,0,1,66000
"656",1,1,1,21,2,2,0,1,49500
"657",1,1,1,21,2,1,0,1,32000
"658",3,1,1,21,2,1,0,1,45000
"659",1,1,2,21,2,1,0,1,55000
"660",1,6,2,17,1,1,0,1,7200
"661",1,1,2,21,2,1,0,1,26000
"662",1,1,1,22,2,1,0,1,55000
"663",1,6,2,19,1,1,0,1,12400
"664",1,1,2,20,2,1,0,1,5100
"665",1,1,1,13,2,1,0,1,48000
"666",1,6,2,20,2,1,0,1,8000
"667",1,1,2,21,2,2,0,1,19800
"668",1,1,2,22,2,1,0,1,50000
"669",1,1,1,20,2,1,0,1,70000
"670",1,6,1,19,2,2,0,1,96000
"671",1,1,1,17,2,1,0,1,60000
"672",1,6,1,21,1,1,0,1,39200
"673",3,1,2,18,2,1,0,1,4000
"674",1,6,2,22,1,1,0,1,14800
"675",1,1,1,16,2,1,0,1,60000
"676",1,1,2,19,2,1,0,1,32000
"677",1,6,2,19,2,1,0,1,40000
"678",1,6,1,19,1,1,0,1,24000
"679",1,1,2,16,2,1,0,1,37200
"680",1,6,2,20,2,2,0,3,29600
"681",1,1,2,19,2,1,0,1,24200
"682",1,6,1,17,2,1,0,1,26300
"683",1,6,2,16,2,1,0,1,14800
"684",1,6,1,16,2,1,0,1,60900
"685",3,6,1,19,1,1,0,9,15400
"686",1,1,1,18,1,2,0,3,20000
"687",1,1,2,19,2,2,0,1,52000
"688",1,1,1,17,2,2,0,1,16000
"689",3,1,2,22,1,1,0,1,30000
"690",1,1,1,18,2,1,0,1,60000
"691",1,6,2,21,2,1,0,1,41300
"692",1,6,2,17,2,1,0,1,7800
"693",1,1,2,22,2,1,0,1,44500
"694",3,6,2,20,2,1,0,1,2600
"695",1,1,1,17,2,1,0,1,55000
"696",3,1,1,19,2,1,0,1,13200
"697",1,1,1,16,2,1,0,1,9000
"698",1,6,1,16,1,1,0,1,13560
"699",1,1,2,22,2,1,0,1,68000
"700",1,1,2,21,2,1,0,1,60000
"701",3,1,2,19,2,1,0,1,6000
"702",1,6,2,21,2,1,0,1,10000
"703",1,6,2,19,2,2,0,3,10400
"704",1,1,1,16,2,2,0,1,25000
"705",1,1,2,16,2,1,0,1,30000
"706",3,1,1,17,2,2,0,1,30000
"707",1,1,2,21,2,1,0,1,18300
"708",1,1,1,19,2,1,0,1,77000
"709",1,1,1,15,2,1,0,1,30000
"710",3,1,1,19,2,1,0,1,85000
"711",1,1,2,19,2,1,0,1,10000
"712",1,6,1,21,1,1,0,1,62500
"713",1,6,2,15,2,1,1,1,3000
"714",1,6,2,17,1,1,0,1,28100
"715",1,1,1,16,2,1,0,1,90000
"716",1,1,1,21,2,1,0,1,88110
"717",1,6,2,16,2,1,0,1,10100
"718",1,3,1,16,1,1,0,1,28400
"719",1,6,1,19,1,1,0,1,24620
"720",1,6,2,16,2,1,0,1,12000
"721",1,1,1,20,2,1,0,1,120200
"722",1,1,2,22,2,1,0,1,55000
"723",1,1,2,19,2,2,0,1,59900
"724",1,6,1,20,2,1,0,1,38100
"725",1,1,2,20,2,1,0,1,13800
"726",1,1,2,19,2,1,0,1,56000
"727",3,6,1,11,2,1,0,1,19400
"728",1,1,1,15,2,1,0,1,45000
"729",1,1,1,16,2,1,0,1,92000
"730",1,6,2,21,1,1,0,1,15600
"731",1,1,2,20,2,1,0,1,60000
"732",1,1,2,20,2,1,0,1,64000
"733",1,1,2,22,2,1,0,1,48050
"734",1,1,2,18,2,1,0,1,85000
"735",1,1,2,19,2,1,0,1,44500
"736",1,6,1,10,1,1,0,1,8400
"737",1,1,2,21,2,1,0,1,78000
"738",1,1,2,18,2,1,0,1,29870
"739",1,1,1,16,2,1,0,1,46000
"740",1,6,1,24,2,1,0,6,53900
"741",1,1,1,19,2,1,0,1,45000
"742",1,6,1,16,2,1,0,1,13000
"743",1,1,2,18,2,1,0,1,36000
"744",1,1,1,18,2,1,0,6,79000
"745",1,6,2,21,2,1,0,1,3200
"746",1,3,2,23,2,2,0,3,25000
"747",1,1,1,16,2,1,0,1,80000
"748",1,1,2,17,2,1,0,1,63000
"749",1,1,1,16,2,1,0,1,16000
"750",1,1,2,18,1,1,0,1,39800
"751",1,1,1,16,2,1,0,1,25000
"752",1,1,2,16,2,1,0,1,14400
"753",1,1,2,20,2,1,0,1,26100
"754",1,1,2,21,2,1,0,1,36000
"755",1,6,1,14,2,2,0,1,4500
"756",1,1,1,17,1,1,0,3,14800
"757",1,1,2,20,2,1,0,1,58000
"758",1,1,1,21,1,1,0,1,72000
"759",1,6,2,16,2,1,0,1,12000
"760",1,6,2,18,2,2,0,1,11600
"761",1,6,2,18,1,1,0,1,10800
"762",1,1,1,16,2,1,0,1,59000
"763",1,1,2,16,2,1,0,1,20000
"764",1,6,2,16,1,1,0,1,10700
"765",1,6,1,22,2,1,0,1,39500
"766",1,6,2,19,2,1,0,1,9600
"767",1,1,1,16,2,1,0,1,51000
"768",1,1,2,18,2,1,0,1,35000
"769",1,1,1,16,2,1,0,1,27400
"770",1,6,1,17,1,1,0,1,53900
"771",1,6,2,20,2,1,0,1,1100
"772",1,1,1,17,2,2,0,1,17500
"773",1,1,1,16,2,1,0,1,15600
"774",1,6,2,20,2,1,0,1,4000
"775",1,1,1,16,2,1,0,1,26500
"776",1,6,2,21,2,1,0,1,12000
"777",1,6,2,16,2,1,0,1,1100
"778",3,1,1,19,2,1,0,1,25000
"779",1,1,1,17,2,2,0,1,70000
"780",1,6,2,18,2,1,0,1,8000
"781",1,1,2,20,2,1,0,1,160
"782",1,6,2,21,1,1,0,1,7200
"783",1,1,1,21,2,1,0,1,210000
"784",3,1,2,18,2,2,0,1,24000
"785",1,1,1,16,1,1,0,1,31600
"786",3,1,1,18,2,1,0,1,74220
"787",1,1,1,19,2,1,0,1,83000
"788",1,1,2,10,2,1,0,1,32400
"789",1,1,1,17,2,1,0,1,50000
"790",1,1,1,19,2,1,0,3,30450
"791",1,6,2,20,1,2,0,1,4800
"792",1,6,1,21,2,1,0,1,43420
"793",1,1,1,18,2,1,0,1,120000
"794",1,6,1,19,1,1,0,1,11100
"795",1,1,2,16,2,1,0,1,20100
"796",1,6,1,16,2,1,0,1,15000
"797",1,4,1,16,2,1,0,1,25000
"798",1,1,2,23,2,1,0,1,125000
"799",1,1,2,22,2,1,0,1,44000
"800",1,1,1,16,2,2,0,1,18200
"801",1,6,2,20,2,1,0,1,54300
"802",1,1,1,21,2,1,0,1,65000
"803",1,4,1,20,1,1,0,1,99900
"804",1,6,2,19,2,1,0,1,24000
"805",3,1,2,17,2,2,0,1,30000
"806",1,1,2,19,2,1,0,1,13000
"807",1,6,1,18,2,1,0,1,25000
"808",1,1,2,16,1,1,0,1,54200
"809",1,6,2,18,2,1,0,2,42500
"810",1,1,1,19,2,1,0,1,84000
"811",1,1,2,19,2,1,0,1,46000
"812",1,1,1,22,1,1,0,1,43900
"813",1,1,1,21,2,1,0,1,72000
"814",1,1,2,16,2,1,0,1,12000
"815",1,1,1,16,2,2,0,1,26000
"816",1,6,1,21,2,1,0,1,6000
"817",1,6,2,19,2,1,0,1,27900
"818",1,1,2,14,2,1,1,1,5000
"819",1,6,1,13,1,1,0,1,11400
"820",1,1,1,20,2,2,0,1,120000
"821",1,1,2,16,2,1,0,1,25000
"822",1,1,2,19,2,2,0,1,16000
"823",1,1,1,16,2,1,0,1,75000
"824",1,1,2,21,2,1,0,1,50000
"825",1,1,2,20,2,1,0,1,57000
"826",1,1,1,16,1,1,0,1,3000
"827",1,6,1,16,1,1,0,1,39100
"828",1,6,2,19,2,1,0,1,10800
"829",1,6,2,17,2,1,0,1,5200
"830",1,6,1,16,2,2,0,1,800
"831",1,6,2,13,1,1,0,1,19900
"832",1,1,2,20,2,1,0,1,47000
"833",1,6,1,18,2,1,0,1,36010
"834",1,6,1,21,2,1,0,1,25700
"835",1,1,2,19,2,1,0,1,50500
"836",1,1,2,21,2,1,0,1,80000
"837",1,1,2,18,2,1,0,1,35000
"838",1,1,2,17,2,1,0,1,40000
"839",1,1,2,23,2,1,0,1,180000
"840",1,1,2,21,2,1,0,1,43000
"841",1,1,1,16,2,2,0,1,28000
"842",1,6,2,20,1,1,0,1,28560
"843",1,6,2,21,2,1,0,1,21300
"844",1,6,1,13,2,1,0,1,8400
"845",1,6,2,21,2,1,0,1,60720
"846",3,1,1,16,2,1,0,1,4500
"847",1,6,2,22,1,1,0,1,31900
"848",1,1,2,19,2,2,0,3,40480
"849",1,6,2,18,1,1,0,1,7400
"850",1,1,1,16,2,1,0,1,38000
"851",1,1,1,18,2,2,0,1,29600
"852",1,6,1,22,2,1,0,1,73700
"853",1,3,1,19,2,1,0,1,12000
"854",1,6,2,16,2,1,0,1,100
"855",1,1,1,20,2,1,0,1,37300
"856",1,1,2,19,2,1,0,1,70000
"857",1,1,2,19,2,1,0,1,11340
"858",1,1,1,18,2,1,0,1,1e+05
"859",1,6,2,20,1,1,0,1,12200
"860",1,1,1,21,2,1,0,1,12040
"861",1,1,1,19,1,1,0,2,62000
"862",1,1,1,22,2,1,0,1,50000
"863",1,1,2,20,2,2,0,1,25000
"864",1,1,2,21,2,1,0,1,3700
"865",1,1,2,16,2,2,0,1,27000
"866",1,1,1,19,2,1,0,1,15000
"867",1,1,2,20,2,1,0,1,36000
"868",1,6,2,20,2,1,0,1,34300
"869",1,6,2,16,1,1,0,3,9280
"870",1,6,1,18,1,1,0,1,13550
"871",1,1,1,21,2,1,0,1,58000
"872",3,2,2,18,2,1,0,1,20000
"873",1,3,1,15,2,1,0,1,17000
"874",1,1,1,16,1,1,0,1,1e+05
"875",1,1,1,19,2,1,0,1,80000
"876",1,6,2,12,2,1,1,1,400
"877",1,6,1,16,2,1,0,1,14600
"878",3,6,2,16,2,2,0,1,3000
"879",3,6,1,15,2,1,0,1,12800
"880",1,1,1,16,2,2,0,1,54000
"881",1,6,2,19,2,1,0,1,20400
"882",1,1,1,18,2,1,0,1,125400
"883",1,6,1,12,2,1,0,3,39000
"884",3,1,1,16,1,2,0,1,12900
"885",3,2,2,24,2,1,0,1,4
"886",1,1,1,16,2,1,0,1,40000
"887",1,1,2,21,2,1,0,1,40000
"888",1,1,1,16,2,1,0,1,35000
"889",3,1,2,19,2,1,0,1,17000
"890",1,1,2,16,2,1,0,1,10000
"891",1,6,2,18,1,1,0,1,9900
"892",1,6,2,18,1,1,0,1,27600
"893",1,1,1,19,2,1,0,1,64000
"894",1,1,1,16,2,2,0,1,30000
"895",1,6,2,20,2,1,0,1,8400
"896",1,6,1,19,2,1,0,1,7000
"897",1,1,2,21,2,1,0,1,58000
"898",1,1,2,21,2,1,0,2,51000
"899",1,6,1,21,1,1,0,1,200100
"900",1,1,1,20,2,1,0,1,52000
"901",1,6,2,14,2,1,0,1,16400
"902",1,1,1,18,2,1,0,1,70000
"903",1,6,1,22,2,1,0,1,32600
"904",1,6,1,20,1,1,0,1,30000
"905",1,1,1,22,2,1,0,1,45000
"906",1,6,1,21,2,1,0,1,13800
"907",3,6,2,16,2,1,0,1,36200
"908",1,6,2,20,2,1,0,1,12440
"909",1,6,2,16,2,1,0,1,8700
"910",1,1,2,19,2,1,0,1,33200
"911",1,6,1,16,2,1,0,1,2000
"912",1,6,1,16,1,1,0,1,23600
"913",1,1,1,19,2,1,0,1,9000
"914",1,6,1,21,2,1,0,1,99000
"915",1,1,2,16,2,2,0,1,7000
"916",1,1,2,21,2,1,0,1,68000
"917",1,1,2,20,2,1,0,1,32600
"918",1,1,1,20,2,1,0,1,37000
"919",1,1,2,19,2,1,0,1,15000
"920",1,1,1,22,2,1,0,1,55000
"921",1,6,2,19,2,1,0,1,14400
"922",1,1,2,21,2,1,0,1,37000
"923",1,1,1,14,2,1,0,1,14000
"924",1,6,2,21,1,1,0,1,10800
"925",1,1,1,24,2,1,0,6,48000
"926",1,6,1,16,2,1,0,1,25000
"927",3,1,1,22,2,1,0,1,63200
"928",1,1,2,21,2,1,0,1,65000
"929",1,6,1,16,1,1,0,1,15400
"930",1,6,2,16,2,1,0,1,500
"931",1,6,1,16,2,1,0,1,44400
"932",3,6,2,16,1,2,0,1,5100
"933",1,6,2,16,1,1,0,1,45500
"934",1,6,1,12,2,1,0,8,12700
"935",1,6,1,21,2,1,0,1,50000
"936",1,1,1,13,1,1,0,1,12000
"937",1,1,1,17,2,2,0,1,44200
"938",3,1,1,16,2,1,0,3,50000
"939",1,6,1,16,1,1,0,1,32500
"940",1,6,1,16,1,1,0,1,36700
"941",1,1,2,19,2,1,0,1,33900
"942",1,1,2,20,2,1,0,1,53000
"943",1,1,2,20,2,1,0,1,40000
"944",1,6,1,19,2,1,0,1,16500
"945",3,1,2,16,2,2,0,3,13800
"946",1,6,2,18,2,1,0,1,13390
"947",1,1,1,23,2,1,0,1,60000
"948",1,6,1,22,1,1,0,3,71300
"949",1,1,2,17,2,2,0,1,20000
"950",1,1,1,20,2,1,0,1,60000
"951",1,1,2,21,2,1,0,1,45000
"952",1,6,2,16,1,1,0,1,11300
"953",1,1,1,21,2,1,0,1,118100
"954",1,1,1,17,2,1,0,1,29000
"955",1,1,1,22,2,1,0,1,98000
"956",3,1,1,16,2,1,0,1,45000
"957",1,6,2,14,1,1,0,8,9500
"958",1,1,2,22,2,1,0,1,140600
"959",1,1,2,21,2,1,0,1,44000
"960",1,1,1,16,1,1,0,8,40000
"961",1,1,1,10,2,1,0,1,60000
"962",1,1,1,20,1,1,0,1,50000
"963",1,1,2,24,2,1,0,1,104390
"964",1,1,2,18,2,1,0,1,20100
"965",1,1,1,19,2,1,0,1,50000
"966",3,1,2,21,2,1,0,1,11200
"967",1,1,1,17,2,1,0,1,5000
"968",1,1,1,19,2,1,0,1,32500
"969",1,1,2,17,2,1,0,1,12900
"970",1,1,1,22,2,2,0,1,68000
"971",1,1,1,16,2,1,0,1,23000
"972",3,1,1,21,1,1,0,1,26160
"973",1,6,2,17,2,1,0,1,38400
"974",1,1,1,21,2,1,0,1,32000
"975",1,1,2,19,2,1,0,1,24000
"976",1,6,2,19,2,1,0,1,1000
"977",1,1,1,21,2,1,0,1,49730
"978",1,1,1,16,2,1,0,1,35000
"979",1,1,1,21,2,1,0,1,166000
"980",1,1,2,16,2,1,0,1,21500
"981",1,6,2,18,1,1,0,1,39400
"982",1,1,2,19,2,2,0,1,25000
"983",1,1,1,19,2,1,0,1,63000
"984",3,6,2,22,2,1,0,1,23200
"985",1,1,1,21,2,1,0,1,22000
"986",1,1,1,18,2,1,0,1,4000
"987",1,6,1,19,2,1,0,1,18900
"988",1,6,2,20,2,1,0,3,3600
"989",1,1,1,16,2,2,0,1,40000
"990",1,1,2,21,2,1,0,1,50000
"991",1,6,2,21,2,1,0,1,56100
"992",3,1,1,19,2,1,0,1,24000
"993",1,6,1,21,2,1,0,1,15000
"994",1,1,1,19,2,1,0,1,43200
"995",1,1,1,20,2,2,0,1,16050
"996",1,6,1,19,2,1,0,1,14000
"997",3,1,1,19,2,1,0,1,63000
"998",1,1,1,21,2,1,0,1,50000
"999",1,1,2,20,2,2,0,1,17300
"1000",1,1,2,16,2,1,0,1,12500
"1001",1,1,1,17,2,1,0,9,38300
"1002",1,1,1,19,2,1,0,9,29500
"1003",3,1,1,19,2,1,0,1,17000
"1004",1,1,2,14,2,1,1,1,250
"1005",1,6,2,12,2,1,0,1,16100
"1006",1,6,2,20,2,1,0,1,8200
"1007",1,1,1,19,2,1,0,1,14000
"1008",1,6,2,17,1,1,0,2,26800
"1009",3,1,1,14,2,1,0,1,30000
"1010",1,1,1,21,1,1,0,1,22400
"1011",1,1,2,21,2,1,0,1,50000
"1012",1,1,2,19,2,1,0,1,20600
"1013",1,6,2,19,2,1,0,3,25600
"1014",1,1,1,16,2,1,0,1,38000
"1015",1,1,2,16,2,1,0,1,30000
"1016",1,1,2,21,2,1,0,1,60000
"1017",1,6,2,18,2,1,0,1,12100
"1018",1,1,2,21,2,1,0,1,83600
"1019",1,1,2,19,2,1,0,1,28800
"1020",1,1,2,17,2,1,0,1,10200
"1021",1,1,1,21,2,1,0,1,48100
"1022",1,1,2,19,2,1,0,1,40000
"1023",1,6,1,21,2,1,0,1,59400
"1024",3,1,2,21,2,1,0,1,47500
"1025",1,1,2,16,2,1,0,1,24000
"1026",3,1,1,16,2,1,0,1,30000
"1027",3,1,1,18,2,1,0,1,30000
"1028",1,1,2,16,2,1,0,1,26700
"1029",3,1,2,17,2,2,0,1,12000
"1030",1,6,2,17,2,1,0,1,7600
"1031",1,1,2,22,2,1,0,1,59000
"1032",1,6,1,22,1,1,0,1,1010
"1033",1,2,2,21,2,1,0,1,24000
"1034",1,1,1,20,2,1,0,1,56000
"1035",1,1,1,16,2,2,0,1,22510
"1036",1,1,2,18,2,1,0,1,600
"1037",1,1,2,19,2,1,0,1,31600
"1038",1,1,1,23,2,1,0,1,207000
"1039",1,1,1,11,2,1,0,1,10000
"1040",1,6,2,16,2,1,0,1,9500
"1041",3,6,2,22,2,1,0,1,7500
"1042",1,1,1,19,2,1,0,1,24000
"1043",1,1,2,20,2,1,0,6,30000
"1044",1,1,2,17,2,1,0,1,6800
"1045",1,1,1,21,2,1,0,1,65000
"1046",3,6,1,19,1,1,0,1,38000
"1047",1,1,2,16,2,1,0,1,24700
"1048",1,6,2,16,2,1,0,1,20800
"1049",1,1,1,19,2,1,0,1,6500
"1050",1,6,2,20,2,1,0,3,1300
"1051",3,1,2,20,2,1,0,1,72000
"1052",1,3,1,22,2,1,0,1,45020
"1053",1,6,2,16,2,1,0,1,2400
"1054",1,6,2,20,2,1,0,1,8800
"1055",1,6,2,16,2,1,0,1,2200
"1056",3,1,1,20,2,2,0,2,30000
"1057",3,3,1,21,1,1,0,1,12000
"1058",1,1,2,21,2,1,0,1,80000
"1059",1,6,2,19,2,1,0,6,9700
"1060",3,1,2,22,2,1,0,1,82220
"1061",1,6,2,22,2,1,0,1,37300
"1062",1,1,2,16,2,1,0,1,13400
"1063",1,6,1,20,1,1,0,1,40600
"1064",1,1,2,22,2,1,0,3,55000
"1065",1,6,1,16,2,1,0,1,23000
"1066",3,1,1,22,2,1,0,1,60000
"1067",1,1,2,21,2,1,0,1,85900
"1068",1,1,1,16,2,2,0,9,14000
"1069",1,6,2,23,2,1,0,1,30100
"1070",1,1,1,9,2,1,0,1,38000
"1071",1,1,2,19,2,1,0,1,31000
"1072",1,1,1,19,2,1,0,1,8000
"1073",3,1,1,16,2,1,0,1,182000
"1074",3,6,1,19,2,1,0,1,2900
"1075",1,1,1,18,2,1,0,1,460000
"1076",3,1,2,19,2,1,0,1,1100
"1077",1,1,1,16,2,1,0,1,44300
"1078",1,1,2,17,1,1,0,1,20000
"1079",1,1,1,14,2,2,0,1,17100
"1080",1,1,2,21,2,1,0,1,80000
"1081",1,6,2,16,1,1,0,9,18300
"1082",3,1,2,21,2,1,0,1,5200
"1083",1,1,1,20,2,1,0,1,80000
"1084",1,1,1,21,2,1,0,1,63000
"1085",1,1,1,16,2,1,0,1,43000
"1086",1,1,1,22,2,1,0,1,153400
"1087",1,1,2,22,2,1,0,1,16600
"1088",1,1,2,21,2,1,0,1,45000
"1089",1,1,2,16,2,1,0,1,25000
"1090",1,1,2,16,2,1,0,1,16800
"1091",3,1,1,18,1,1,0,5,71000
"1092",1,1,1,20,2,1,0,1,60000
"1093",1,3,1,16,2,1,0,1,8800
"1094",1,1,2,13,2,2,0,8,11000
"1095",1,1,1,16,1,1,0,9,78000
"1096",1,1,2,19,2,1,0,3,27000
"1097",1,1,1,20,2,2,0,1,48000
"1098",3,1,1,21,2,1,0,1,35000
"1099",1,6,2,19,2,1,0,1,42500
"1100",1,1,1,21,2,1,0,1,50000
"1101",1,6,2,19,2,1,0,1,51000
"1102",1,1,2,20,2,1,0,1,99500
"1103",1,1,1,20,2,1,0,9,45000
"1104",1,6,1,19,2,1,0,1,9000
"1105",1,2,2,10,2,1,0,1,6000
"1106",1,1,1,16,2,1,0,1,50500
"1107",1,1,2,16,2,1,0,1,33100
"1108",1,6,2,19,2,1,0,1,14800
"1109",2,1,2,21,2,1,0,1,93200
"1110",3,3,2,21,2,1,0,1,9000
"1111",1,6,2,21,2,1,0,1,27700
"1112",1,3,2,14,2,1,1,9,4000
"1113",1,1,1,19,2,2,0,3,9200
"1114",1,6,1,11,2,2,0,3,600
"1115",1,6,2,21,2,1,0,1,6000
"1116",1,1,2,23,2,1,0,1,460000
"1117",3,1,2,21,2,1,0,1,36000
"1118",1,1,2,21,2,1,0,1,34000
"1119",1,6,2,19,2,1,0,1,19200
"1120",1,1,1,1,2,2,0,1,35000
"1121",1,1,2,21,2,1,0,1,74000
"1122",1,1,1,18,1,1,0,1,64000
"1123",1,6,2,19,1,1,0,1,9600
"1124",3,1,1,19,2,1,0,1,4000
"1125",1,1,2,20,1,1,0,1,40000
"1126",1,1,2,21,2,1,0,1,60000
"1127",1,1,1,16,2,1,0,1,87800
"1128",3,1,1,19,2,1,0,1,30000
"1129",3,1,2,14,2,2,0,9,7000
"1130",1,1,1,21,2,1,0,1,55000
"1131",1,3,2,18,2,2,0,1,4000
"1132",1,1,2,16,2,1,0,1,58000
"1133",1,1,1,19,2,1,0,1,14210
"1134",1,1,1,16,2,1,0,1,32000
"1135",1,6,2,19,2,1,0,1,2400
"1136",1,1,1,21,2,1,0,1,53000
"1137",1,6,1,16,2,1,0,1,36000
"1138",1,6,2,16,2,1,0,1,9400
"1139",1,1,1,16,2,1,0,1,34000
"1140",1,1,1,19,2,1,0,1,104000
"1141",1,1,2,19,2,1,0,1,30900
"1142",1,1,1,18,2,1,0,1,37000
"1143",1,3,1,16,2,2,0,1,12000
"1144",3,6,1,19,1,1,0,1,24400
"1145",1,1,1,16,2,1,0,1,48000
"1146",1,1,1,22,2,1,0,1,55000
"1147",1,1,2,21,2,1,0,1,12000
"1148",1,1,2,19,2,2,0,1,37200
"1149",1,3,2,19,2,1,0,1,4500
"1150",1,1,1,16,2,1,0,1,8700
"1151",1,1,1,14,2,1,0,1,460000
"1152",1,1,2,16,2,2,0,1,16000
"1153",1,1,1,18,1,1,0,1,115400
"1154",1,6,2,22,2,1,0,1,30000
"1155",1,6,1,16,1,1,0,1,12000
"1156",1,1,2,15,2,1,1,1,6000
"1157",1,6,1,16,1,1,0,1,2700
"1158",1,6,1,19,1,1,0,1,1300
"1159",3,1,2,21,2,1,0,1,80000
"1160",1,6,1,16,2,1,0,1,8600
"1161",1,1,1,18,2,1,0,1,121000
"1162",1,1,1,17,2,2,0,1,60000
"1163",1,1,2,17,1,1,0,1,400
"1164",1,1,2,18,2,1,0,1,33600
"1165",1,1,1,20,2,1,0,1,55000
"1166",1,1,2,21,2,1,0,1,54000
"1167",1,6,1,21,2,1,0,1,39500
"1168",3,6,2,19,2,1,0,1,4000
"1169",1,6,2,16,2,1,0,1,15500
"1170",1,1,2,17,1,1,0,1,34000
"1171",1,1,2,16,2,1,0,1,1e+05
"1172",1,1,1,23,2,1,0,1,150000
"1173",1,1,1,22,2,1,0,1,540000
"1174",1,6,2,17,2,1,0,1,11800
"1175",1,6,2,16,2,1,0,1,9500
"1176",3,1,2,23,2,1,0,1,115000
"1177",1,1,1,16,2,1,0,1,78400
"1178",1,6,2,21,2,1,0,1,46000
"1179",1,1,2,18,2,1,0,1,30000
"1180",1,1,2,21,2,1,0,1,56500
"1181",3,1,1,20,2,1,0,1,27000
"1182",1,1,2,15,1,1,0,1,52600
"1183",3,1,1,18,2,1,0,1,8000
"1184",1,1,2,21,2,1,0,1,33000
"1185",1,2,2,16,2,1,0,1,60000
"1186",1,1,1,16,2,1,0,1,80000
"1187",1,6,2,18,1,1,0,1,13410
"1188",1,1,2,16,2,1,0,6,14300
"1189",1,1,1,23,2,1,0,1,28000
"1190",1,1,2,22,2,1,0,1,56000
"1191",3,1,2,22,2,1,0,1,25000
"1192",1,1,2,16,2,1,0,1,30000
"1193",1,2,2,19,2,1,0,1,22000
"1194",3,1,1,17,2,1,0,9,27000
"1195",1,6,1,19,1,1,0,1,16000
"1196",1,6,2,15,1,1,0,1,640
"1197",1,1,2,16,2,1,0,8,3000
"1198",1,1,2,19,2,1,0,1,38000
"1199",3,1,2,21,2,1,0,1,50000
"1200",1,1,2,19,2,1,0,1,20900
"1201",1,6,2,21,2,1,0,1,2000
"1202",1,1,1,18,2,1,0,1,34800
"1203",1,1,1,16,2,1,0,1,95000
"1204",1,1,2,22,2,1,0,1,48700
"1205",1,1,2,18,2,1,0,1,61000
"1206",1,1,1,20,2,1,0,1,39460
"1207",1,6,1,19,1,1,0,1,49100
"1208",1,1,1,19,2,1,0,1,55000
"1209",3,1,1,24,2,1,0,1,125000
"1210",1,1,2,18,2,1,0,1,46000
"1211",1,6,1,17,1,1,0,1,23700
"1212",1,1,2,20,2,1,0,1,28000
"1213",3,3,2,17,2,2,0,1,9000
"1214",3,6,2,21,2,1,0,1,7800
"1215",1,1,2,21,2,1,0,1,5000
"1216",1,6,2,16,2,1,0,1,800
"1217",1,1,2,20,2,1,0,1,10000
"1218",3,1,2,20,2,1,0,1,70000
"1219",3,1,2,16,2,1,0,1,37500
"1220",3,1,1,16,2,1,0,1,50000
"1221",1,6,1,20,1,1,0,1,123700
"1222",3,6,2,16,1,1,0,1,12700
"1223",3,1,1,19,2,1,0,1,43300
"1224",1,1,1,16,2,1,0,1,80000
"1225",3,1,2,22,2,1,0,1,50700
"1226",3,1,2,16,2,1,0,1,21000
"1227",1,1,1,21,2,1,0,1,52000
"1228",1,6,2,19,1,1,0,1,10000
"1229",1,1,1,20,2,1,0,1,120000
"1230",1,6,1,20,2,1,0,1,20000
"1231",1,6,2,18,2,1,0,1,36970
"1232",1,1,1,22,2,1,0,1,136000
"1233",1,3,1,22,2,1,0,1,89800
"1234",1,1,1,16,2,1,0,1,28000
"1235",1,1,1,16,2,1,0,8,4000
"1236",1,1,1,19,1,1,0,1,99220
"1237",1,1,1,16,2,1,0,1,36000
"1238",1,1,1,16,2,1,0,1,57700
"1239",1,1,2,19,2,1,0,8,63000
"1240",1,1,1,21,2,1,0,1,36000
"1241",1,1,2,16,2,2,0,1,22500
"1242",1,1,1,16,2,1,0,1,76000
"1243",1,6,1,13,2,1,1,1,5000
"1244",1,6,1,16,2,1,0,1,24000
"1245",3,1,2,22,2,1,0,1,60000
"1246",1,1,1,20,1,2,0,1,34800
"1247",1,6,2,21,2,1,0,1,7000
"1248",1,6,2,16,1,1,0,1,14900
"1249",1,4,1,20,2,1,0,1,460000
"1250",1,1,1,13,2,1,0,1,120000
"1251",1,6,2,19,1,1,0,1,29500
"1252",3,1,2,22,2,1,0,2,34000
"1253",1,6,1,22,2,1,0,1,30700
"1254",1,1,1,18,2,1,0,1,62000
"1255",1,6,1,21,1,1,0,1,15000
"1256",1,1,1,20,2,1,0,1,124000
"1257",1,3,1,17,2,2,0,1,7000
"1258",3,1,2,19,2,1,0,1,48000
"1259",1,1,1,19,2,1,0,1,113000
"1260",1,6,2,18,1,1,0,1,19200
"1261",1,6,1,16,1,1,0,1,16800
"1262",1,1,1,16,1,1,0,1,57820
"1263",3,1,2,14,2,1,1,1,3000
"1264",1,1,1,16,2,1,0,1,52000
"1265",1,6,1,19,1,1,0,1,10800
"1266",1,1,1,18,2,1,0,2,87000
"1267",1,1,2,19,2,1,0,1,37000
"1268",1,1,1,21,2,1,0,1,45100
"1269",1,1,1,19,2,1,0,1,89800
"1270",1,1,2,19,2,1,0,1,46000
"1271",3,6,1,18,2,2,0,1,1000
"1272",3,1,1,21,2,1,0,1,50000
"1273",1,6,1,14,2,2,0,1,12000
"1274",1,6,2,21,2,1,0,1,10000
"1275",1,6,2,21,1,1,0,1,4800
"1276",1,2,2,14,1,2,0,3,9360
"1277",1,1,1,23,2,1,0,1,198200
"1278",1,6,1,16,2,1,0,1,44000
"1279",1,6,2,16,2,1,0,1,13200
"1280",1,1,1,20,2,1,0,1,80000
"1281",1,1,1,18,1,1,0,1,75000
"1282",1,6,1,22,2,1,0,1,68000
"1283",1,1,2,19,1,1,0,1,26000
"1284",1,1,2,17,2,1,0,1,14700
"1285",1,6,2,18,2,1,0,1,13610
"1286",1,1,2,19,2,1,0,1,66000
"1287",1,1,2,21,2,1,0,1,33000
"1288",1,1,1,18,2,2,0,1,14400
"1289",1,1,2,17,2,1,0,1,34000
"1290",1,1,1,19,2,1,0,1,95000
"1291",1,6,1,19,1,1,0,1,3600
"1292",1,6,2,15,1,1,0,1,12000
"1293",3,1,1,12,2,2,0,1,6600
"1294",1,1,1,16,2,1,0,1,103000
"1295",3,1,1,21,2,1,0,1,98000
"1296",1,1,1,21,2,1,0,1,61000
"1297",1,6,1,23,2,1,0,1,24600
"1298",1,6,2,20,2,1,0,1,16830
"1299",1,1,1,20,2,1,0,1,12770
"1300",1,6,1,16,1,1,0,1,29300
"1301",3,1,2,18,2,1,0,1,30000
"1302",1,6,1,14,2,1,1,3,2500
"1303",1,3,2,14,1,2,0,1,52190
"1304",1,1,2,22,2,1,0,1,74500
"1305",3,1,2,14,2,2,0,1,27400
"1306",1,1,1,20,2,1,0,1,62000
"1307",1,6,2,11,2,1,0,1,9100
"1308",1,1,2,16,2,1,0,1,16000
"1309",1,1,1,21,2,1,0,1,68000
"1310",1,4,1,22,2,1,0,1,98000
"1311",1,1,2,13,2,1,0,1,42900
"1312",1,1,2,23,2,1,0,1,14400
"1313",1,1,1,16,2,1,0,1,7400
"1314",1,1,1,21,2,2,0,1,45000
"1315",1,1,1,23,2,1,0,1,92100
"1316",1,6,2,20,2,1,0,1,1300
"1317",1,2,2,13,2,1,1,1,250
"1318",1,1,2,19,2,1,0,1,20200
"1319",1,1,1,21,2,1,0,1,95000
"1320",1,1,2,20,2,1,0,1,65000
"1321",1,6,2,20,2,2,0,5,15600
"1322",1,1,2,18,2,1,0,1,15000
"1323",1,3,1,16,2,2,0,1,15000
"1324",3,6,2,17,2,2,0,3,600
"1325",1,1,1,16,2,1,0,8,20000
"1326",1,1,2,12,2,1,0,1,174000
"1327",1,1,1,16,2,1,0,1,54530
"1328",1,1,1,18,2,1,0,1,24000
"1329",1,1,2,16,2,1,0,1,75400
"1330",1,4,1,21,2,1,0,9,72000
"1331",1,1,2,1,2,1,0,1,36000
"1332",1,6,2,16,1,1,0,1,9100
"1333",1,1,1,14,2,2,0,1,45000
"1334",1,1,1,17,2,1,0,1,55000
"1335",3,2,1,21,1,1,0,1,40500
"1336",1,1,2,19,2,2,0,1,60000
"1337",1,1,2,21,2,1,0,1,45000
"1338",1,6,1,20,1,1,0,1,9600
"1339",1,1,2,16,2,1,0,1,27400
"1340",1,1,2,19,1,2,0,1,22300
"1341",1,1,1,20,2,1,0,1,150000
"1342",1,1,2,19,1,1,0,1,7200
"1343",3,1,1,21,2,1,0,1,15000
"1344",1,1,1,15,2,1,0,1,50000
"1345",3,1,2,21,2,2,0,3,10000
"1346",1,1,2,19,2,1,0,1,40000
"1347",3,3,2,20,2,1,0,1,2000
"1348",1,1,1,19,2,1,0,1,80000
"1349",1,1,2,19,2,1,0,1,26000
"1350",1,1,1,16,2,1,0,1,24000
"1351",1,3,1,16,2,1,0,1,19220
"1352",3,6,2,22,2,1,0,1,9700
"1353",3,1,1,22,2,1,0,1,89000
"1354",1,1,2,22,2,1,0,1,103000
"1355",1,6,2,16,2,1,0,1,50
"1356",1,1,1,19,2,2,0,1,26000
"1357",1,1,2,17,2,1,0,1,36000
"1358",1,1,1,19,2,1,0,1,98600
"1359",1,1,1,19,2,1,0,1,125400
"1360",1,1,1,21,2,1,0,1,75200
"1361",1,6,1,15,2,1,0,1,18700
"1362",3,1,1,17,1,2,0,1,5300
"1363",1,1,2,21,2,1,0,1,59500
"1364",1,6,2,16,2,1,0,1,50000
"1365",1,1,1,16,2,1,0,1,30000
"1366",1,6,1,16,2,1,0,1,68000
"1367",1,1,1,13,2,1,0,8,30000
"1368",1,1,2,24,2,1,0,1,1e+05
"1369",1,1,1,21,2,1,0,1,110000
"1370",1,6,2,21,2,1,0,1,18500
"1371",1,6,2,19,1,1,0,1,1200
"1372",1,1,1,21,2,1,0,6,36000
"1373",1,1,2,21,2,2,0,1,24000
"1374",1,1,2,20,1,1,0,1,46000
"1375",1,6,1,16,2,1,0,1,28200
"1376",1,6,1,22,2,1,0,1,79200
"1377",1,6,2,19,1,1,0,1,17600
"1378",1,1,2,21,2,1,0,1,41600
"1379",1,1,1,20,2,1,0,1,8000
"1380",1,1,1,16,2,1,0,1,24000
"1381",3,3,2,16,2,2,0,1,2000
"1382",1,6,1,21,2,1,0,1,74000
"1383",1,6,2,16,1,1,0,1,10120
"1384",1,1,1,16,2,1,0,1,25000
"1385",1,1,2,18,2,1,0,1,105020
"1386",1,1,2,20,2,1,0,1,16500
"1387",1,1,2,16,2,1,0,1,30600
"1388",1,1,2,16,2,1,0,1,21000
"1389",1,1,1,15,2,1,0,1,81500
"1390",1,1,2,20,2,1,0,1,45000
"1391",1,1,1,19,2,1,0,1,42000
"1392",1,6,1,11,1,1,0,1,202400
"1393",1,6,2,16,1,1,0,1,47000
"1394",1,6,2,20,2,1,0,1,57200
"1395",1,6,2,16,2,1,0,1,33000
"1396",1,6,2,19,1,1,0,1,40000
"1397",1,1,1,18,2,1,0,1,72000
"1398",1,1,1,21,2,1,0,1,57500
"1399",1,6,2,21,2,1,0,1,10000
"1400",1,6,2,16,2,1,0,1,36000
"1401",1,6,2,18,2,1,0,1,60000
"1402",1,1,1,16,2,2,0,1,5000
"1403",1,1,1,22,2,1,0,1,62000
"1404",1,1,2,19,2,1,0,3,36600
"1405",1,1,2,22,2,1,0,1,54200
"1406",1,1,1,20,2,1,0,1,1e+05
"1407",1,6,2,16,1,1,0,1,4510
"1408",1,6,2,16,2,1,0,1,9000
"1409",1,1,1,20,2,1,0,1,120000
"1410",1,1,2,14,2,1,0,1,5700
"1411",1,1,1,13,2,1,1,1,12000
"1412",1,1,2,21,2,1,0,8,46000
"1413",1,1,1,19,2,1,0,1,40000
"1414",1,6,2,18,1,1,0,1,25800
"1415",1,1,1,18,2,1,0,1,243800
"1416",1,1,1,21,1,1,0,1,214000
"1417",3,1,1,18,2,1,0,1,21340
"1418",3,6,1,14,2,1,0,1,4000
"1419",1,1,1,16,1,1,0,1,16100
"1420",3,6,2,22,2,1,0,1,40000
"1421",1,6,2,18,1,1,0,1,9600
"1422",1,6,2,16,2,1,0,1,42930
"1423",3,1,1,23,2,1,0,1,36200
"1424",1,2,2,19,2,1,0,3,46500
"1425",1,6,2,22,1,1,0,1,39000
"1426",1,1,2,18,2,1,0,1,12000
"1427",1,6,1,14,2,1,0,1,4000
"1428",1,1,2,20,2,1,0,1,23000
"1429",1,6,2,16,2,1,0,1,12700
"1430",1,6,2,20,2,1,0,1,10400
"1431",1,6,1,23,1,1,0,1,44900
"1432",1,6,1,19,1,1,0,1,224800
"1433",1,1,1,22,2,1,0,1,24000
"1434",1,1,2,21,2,1,0,1,40000
"1435",1,1,2,21,2,1,0,1,14700
"1436",1,6,1,22,1,1,0,1,52000
"1437",1,1,2,18,2,1,0,1,24600
"1438",1,1,2,16,2,2,0,1,32000
"1439",1,1,1,19,2,1,0,1,12000
"1440",1,6,1,19,2,1,0,1,25000
"1441",1,6,2,21,1,2,0,1,4600
"1442",1,1,1,16,2,1,0,1,75000
"1443",1,1,2,15,2,2,0,1,60000
"1444",1,6,2,16,2,1,0,1,9800
"1445",1,1,1,19,1,1,0,1,6000
"1446",1,1,1,19,2,2,0,1,7000
"1447",3,1,2,16,2,1,0,1,24700
"1448",1,1,1,16,2,1,0,9,130000
"1449",1,6,1,15,1,1,0,1,5600
"1450",1,1,2,18,2,1,0,1,33000
"1451",1,1,1,22,2,1,0,1,57000
"1452",1,1,2,16,2,2,0,1,10000
"1453",1,1,1,20,2,1,0,1,50000
"1454",1,1,2,20,2,1,0,1,7200
"1455",3,6,2,14,1,1,0,3,13200
"1456",1,3,1,22,2,1,0,1,101500
"1457",1,6,1,19,1,1,0,3,6900
"1458",1,3,1,11,2,2,0,3,30720
"1459",1,1,2,16,2,1,0,1,24000
"1460",1,1,1,22,2,1,0,1,85000
"1461",3,1,2,21,2,1,0,1,55000
"1462",1,6,1,19,1,1,0,1,11100
"1463",1,6,2,21,2,1,0,1,5700
"1464",1,1,2,19,2,1,0,1,20000
"1465",1,1,2,21,2,1,0,1,33000
"1466",1,1,2,16,1,1,0,1,9200
"1467",1,1,2,21,2,1,0,1,8000
"1468",1,6,1,21,2,1,0,1,313300
"1469",1,6,1,22,2,1,0,1,53000
"1470",1,1,1,18,2,1,0,1,44000
"1471",1,6,1,19,2,1,0,1,19300
"1472",1,6,2,16,1,1,0,1,10500
"1473",1,1,1,16,2,1,0,1,20000
"1474",3,6,1,21,2,1,0,1,23000
"1475",1,1,1,19,2,1,0,1,103000
"1476",1,1,1,19,2,1,0,1,45000
"1477",3,1,2,17,2,1,0,1,49800
"1478",1,6,2,14,1,1,0,3,9900
"1479",1,1,1,19,2,1,0,1,33600
"1480",1,3,1,21,1,1,0,1,35300
"1481",1,1,2,18,2,1,0,1,9000
"1482",1,6,2,18,2,1,0,1,25620
"1483",1,6,2,18,1,1,0,1,9000
"1484",1,6,1,18,1,1,0,1,40400
"1485",1,6,2,21,1,1,0,3,12000
"1486",1,1,1,20,2,1,0,1,40000
"1487",1,1,1,21,2,1,0,1,70000
"1488",3,1,2,21,2,1,0,6,21000
"1489",1,6,2,18,1,1,0,1,6800
"1490",1,1,1,19,1,2,0,1,59700
"1491",1,6,1,19,2,1,0,1,40600
"1492",3,1,1,18,2,1,0,1,20000
"1493",1,1,1,21,2,1,0,1,96000
"1494",1,1,1,22,2,1,0,1,99200
"1495",1,6,2,18,1,1,0,1,9000
"1496",1,6,2,17,1,2,0,3,1600
"1497",1,6,1,21,1,1,0,1,35000
"1498",1,1,1,19,1,1,0,1,26200
"1499",1,1,1,20,2,1,0,1,58000
"1500",1,1,1,18,2,1,0,1,80000
"1501",1,6,2,18,1,1,0,1,5300
"1502",1,1,2,20,2,1,0,1,25000
"1503",1,1,1,18,2,1,0,1,7000
"1504",1,1,1,21,2,1,0,1,102200
"1505",1,1,1,17,2,1,0,1,24800
"1506",1,6,1,20,2,1,0,1,18000
"1507",1,1,2,18,2,1,0,1,10000
"1508",1,6,1,20,2,1,0,1,12000
"1509",1,1,1,20,2,1,0,1,42200
"1510",1,1,2,20,2,1,0,2,37000
"1511",1,6,2,19,2,2,0,1,4000
"1512",1,1,2,22,2,1,0,1,57000
"1513",1,6,1,12,2,1,0,1,16000
"1514",1,6,2,20,2,2,0,9,10600
"1515",3,1,2,12,2,1,0,1,37200
"1516",1,6,2,16,1,1,0,1,12000
"1517",1,6,2,20,2,1,0,1,54400
"1518",1,3,2,18,2,1,0,3,6200
"1519",3,6,1,16,1,1,0,1,25500
"1520",1,3,1,14,2,2,0,3,21640
"1521",1,1,1,17,2,1,0,1,45000
"1522",3,4,1,16,2,1,0,1,27020
"1523",1,1,1,15,2,1,0,1,24000
"1524",1,1,1,16,2,1,0,1,28020
"1525",1,6,1,19,1,1,0,1,1500
"1526",1,1,2,16,1,2,0,1,8000
"1527",1,1,2,20,2,1,0,1,9000
"1528",1,1,1,21,2,1,0,1,32000
"1529",1,6,2,21,1,1,0,1,18000
"1530",1,6,1,13,1,1,0,1,20200
"1531",3,1,2,19,2,2,0,1,5000
"1532",1,1,1,20,2,1,0,1,21700
"1533",1,1,2,21,2,1,0,1,38400
"1534",1,3,1,16,2,1,0,1,3180
"1535",1,1,2,16,2,1,0,1,29000
"1536",1,1,2,24,2,1,0,1,96000
"1537",1,6,2,11,1,1,0,1,12000
"1538",1,6,2,21,2,1,0,1,35000
"1539",1,6,2,16,1,1,0,1,10800
"1540",1,6,2,16,2,1,0,1,9600
"1541",1,6,1,16,1,1,0,1,41800
"1542",1,1,2,22,2,1,0,1,41000
"1543",1,1,1,16,2,2,0,1,4500
"1544",1,6,1,13,1,1,0,3,9000
"1545",1,6,2,21,2,2,0,1,50000
"1546",1,6,2,21,2,1,0,1,50200
"1547",3,1,1,19,1,1,0,1,117000
"1548",1,1,2,20,1,1,0,1,9000
"1549",1,6,2,18,2,1,0,1,10800
"1550",3,1,2,19,2,2,0,3,28900
"1551",1,1,2,21,2,1,0,1,50000
"1552",1,1,1,19,1,1,0,1,10000
"1553",1,1,1,21,2,1,0,1,104000
"1554",1,2,2,22,2,1,0,1,54000
"1555",1,1,1,18,2,1,0,1,60000
"1556",1,6,2,16,2,1,0,3,17800
"1557",3,1,1,19,1,1,0,1,126520
"1558",1,1,2,21,2,2,0,9,400
"1559",3,1,1,20,2,1,0,1,60000
"1560",1,1,2,21,1,1,0,1,24900
"1561",1,1,1,21,2,1,0,1,30000
"1562",1,6,2,19,2,1,0,1,10900
"1563",1,6,1,22,1,1,0,1,119030
"1564",1,1,1,17,2,1,0,1,20000
"1565",1,1,1,21,2,1,0,1,73200
"1566",1,1,1,16,2,1,0,1,72000
"1567",1,1,2,22,1,1,0,1,67000
"1568",3,6,1,24,2,1,0,1,33170
"1569",1,1,1,21,2,1,0,1,80400
"1570",1,1,1,21,2,1,0,1,69000
"1571",1,6,1,20,1,1,0,1,64000
"1572",1,6,1,22,2,1,0,1,90000
"1573",1,1,2,16,2,1,0,9,43000
"1574",3,1,2,19,2,2,0,1,13000
"1575",1,6,1,17,2,1,0,1,25700
"1576",1,1,1,18,1,1,0,1,55000
"1577",1,6,2,19,1,1,0,1,30000
"1578",1,1,1,20,2,1,0,1,100010
"1579",1,1,2,16,2,1,0,1,15920
"1580",1,1,2,21,2,1,0,1,15800
"1581",1,1,1,16,2,1,0,1,31200
"1582",1,1,2,19,2,1,0,1,29600
"1583",3,1,1,16,2,1,0,1,6000
"1584",1,1,1,20,2,1,0,1,86000
"1585",1,1,2,19,2,2,0,3,26600
"1586",1,1,1,12,2,2,0,1,39400
"1587",1,6,1,14,1,1,0,1,28820
"1588",1,1,2,20,2,1,0,1,12000
"1589",1,1,2,22,1,1,0,1,75000
"1590",1,1,2,16,2,1,0,1,52000
"1591",1,6,2,16,1,1,0,1,7000
"1592",1,1,2,21,2,1,0,1,46500
"1593",1,1,2,19,2,1,0,1,32000
"1594",1,2,2,21,1,2,0,1,5000
"1595",1,1,1,18,2,1,0,1,80000
"1596",1,1,1,16,2,1,0,1,62000
"1597",1,1,1,21,2,2,0,1,75000
"1598",1,3,1,20,2,2,0,1,19300
"1599",1,1,1,18,2,1,0,1,38000
"1600",1,1,1,18,2,1,0,1,25900
"1601",1,6,2,19,2,1,0,6,44000
"1602",1,1,2,21,2,1,0,1,50000
"1603",1,1,1,18,2,1,0,1,35000
"1604",1,1,1,16,2,1,0,1,26500
"1605",1,1,1,20,2,1,0,1,65500
"1606",3,1,2,21,2,1,0,1,17000
"1607",3,1,1,23,2,1,0,1,25600
"1608",1,6,1,22,2,1,0,1,23700
"1609",1,6,2,21,2,1,0,1,27600
"1610",1,1,1,16,1,1,0,1,220070
"1611",1,6,2,19,2,1,0,9,50000
"1612",1,1,2,20,2,1,0,9,24900
"1613",1,1,2,21,2,1,0,1,55000
"1614",1,1,1,19,2,1,0,1,38000
"1615",3,1,1,19,2,1,0,1,33000
"1616",1,6,1,21,1,1,0,1,25000
"1617",1,1,1,21,2,2,0,1,20000
"1618",1,1,1,21,2,1,0,8,27000
"1619",1,1,1,22,2,1,0,1,71000
"1620",1,1,1,14,2,2,0,1,24000
"1621",1,2,1,13,2,2,0,3,2700
"1622",3,1,2,21,2,1,0,1,89600
"1623",1,1,2,20,2,1,0,1,13000
"1624",1,1,2,21,2,1,0,1,35000
"1625",1,6,1,17,2,1,0,1,16000
"1626",1,1,1,14,2,1,0,1,86000
"1627",1,2,2,19,2,1,0,1,14400
"1628",1,6,1,22,2,1,0,1,27500
"1629",1,6,2,19,2,1,0,1,7500
"1630",1,6,1,19,1,1,0,1,22200
"1631",1,6,1,23,2,1,0,6,79100
"1632",1,6,2,18,1,1,0,1,37590
"1633",1,1,1,19,2,2,0,1,44000
"1634",1,1,1,16,2,1,0,1,95300
"1635",1,1,2,20,2,2,0,1,37000
"1636",1,1,1,19,2,1,0,3,27400
"1637",1,1,2,18,2,1,0,1,21000
"1638",1,1,1,17,2,1,0,1,56000
"1639",1,6,2,16,1,1,0,1,20400
"1640",1,6,1,16,1,1,0,1,20400
"1641",1,6,1,16,1,1,0,1,53900
"1642",1,1,2,23,2,1,0,1,54000
"1643",1,6,1,16,2,2,0,1,22000
"1644",1,1,1,19,2,1,0,1,37000
"1645",1,1,2,17,2,1,0,1,30000
"1646",1,1,2,20,2,2,0,1,18100
"1647",1,1,2,21,2,1,0,1,7000
"1648",1,6,2,22,2,1,0,1,59700
"1649",1,1,1,19,2,1,0,1,5000
"1650",1,1,1,17,2,2,0,1,2200
"1651",1,6,2,19,1,1,0,1,11800
"1652",1,1,1,20,2,1,0,1,38600
"1653",1,6,2,18,1,1,0,1,9500
"1654",1,1,2,22,2,1,0,1,34000
"1655",1,6,2,16,2,1,0,3,10200
"1656",1,1,1,16,2,1,0,1,75400
"1657",1,1,1,23,2,1,0,1,120000
"1658",1,6,1,19,2,1,0,1,14100
"1659",3,1,2,19,2,1,0,3,13000
"1660",1,1,1,16,2,2,0,1,3000
"1661",3,1,1,21,2,1,0,1,57200
"1662",1,6,2,16,1,1,0,1,31900
"1663",1,6,1,13,2,1,1,1,13200
"1664",1,1,1,24,2,1,0,1,87200
"1665",1,1,2,20,2,1,0,1,53000
"1666",3,1,2,21,2,1,0,3,33400
"1667",1,6,1,20,2,1,0,1,37000
"1668",1,1,2,18,2,1,0,1,20400
"1669",1,1,2,21,2,1,0,1,23000
"1670",1,1,1,21,1,1,0,1,141800
"1671",1,1,1,19,2,1,0,1,31000
"1672",1,1,1,21,2,1,0,1,28000
"1673",3,2,1,16,2,1,0,1,35000
"1674",1,1,1,19,2,1,0,1,63000
"1675",1,6,2,19,2,1,0,1,33300
"1676",1,6,2,12,1,1,0,1,3000
"1677",1,1,2,16,2,2,0,8,11000
"1678",1,1,2,20,1,1,0,1,35000
"1679",3,1,1,21,2,1,0,1,33300
"1680",1,1,1,1,2,1,0,1,15000
"1681",1,1,2,14,2,2,0,1,22000
"1682",1,1,2,20,2,2,0,1,88000
"1683",1,6,2,16,1,1,0,1,12870
"1684",1,1,1,21,2,1,0,1,58000
"1685",1,6,1,21,2,1,0,1,39900
"1686",1,6,1,19,1,2,0,3,5800
"1687",1,6,1,13,1,1,0,1,14900
"1688",3,6,2,18,1,1,0,1,7700
"1689",1,1,1,14,2,2,0,1,38000
"1690",1,1,1,21,2,2,0,1,140000
"1691",1,1,2,20,2,1,0,1,35000
"1692",1,2,2,13,2,2,0,1,20000
"1693",1,1,1,19,2,2,0,1,60000
"1694",3,1,2,21,2,1,0,1,35000
"1695",1,1,2,14,2,1,0,1,4000
"1696",1,6,1,16,2,1,0,1,33500
"1697",1,6,1,21,2,1,0,1,52800
"1698",1,6,1,19,2,1,0,3,43400
"1699",1,6,1,18,1,1,0,1,16100
"1700",1,1,2,15,2,1,0,1,89400
"1701",1,1,2,20,2,1,0,1,14000
"1702",1,6,1,16,2,1,0,1,30000
"1703",1,1,1,16,2,1,0,1,60000
"1704",3,1,1,21,2,1,0,1,40700
"1705",1,1,1,17,2,1,0,1,24000
"1706",1,6,1,19,2,1,0,1,35000
"1707",1,6,2,19,2,1,0,1,31800
"1708",3,1,1,19,1,1,0,1,43000
"1709",1,1,2,16,2,1,0,1,1200
"1710",1,1,2,20,2,1,0,1,10000
"1711",1,1,2,19,2,1,0,1,28100
"1712",3,1,2,16,2,1,0,1,25000
"1713",1,1,1,21,2,1,0,1,16310
"1714",1,1,2,19,2,1,0,1,54000
"1715",1,1,2,17,2,1,0,1,25000
"1716",1,1,1,21,2,1,0,1,77000
"1717",1,6,2,19,2,1,0,1,7200
"1718",1,1,1,16,2,1,0,3,25740
"1719",1,1,1,20,2,1,0,9,70000
"1720",1,1,1,19,2,1,0,1,121000
"1721",1,1,2,16,2,1,0,1,50050
"1722",1,1,1,16,2,2,0,3,640
"1723",1,6,1,18,2,1,0,1,90800
"1724",1,1,2,18,2,1,0,1,36000
"1725",1,6,2,16,2,1,0,1,15400
"1726",1,1,2,22,2,1,0,6,9000
"1727",3,1,2,16,2,1,0,1,20000
"1728",1,6,2,19,2,1,0,1,27600
"1729",1,6,2,21,2,1,0,1,17000
"1730",1,1,2,21,2,1,0,1,32000
"1731",1,3,1,16,2,1,0,1,900
"1732",1,1,2,17,1,2,0,9,10400
"1733",1,2,1,12,2,1,1,1,850
"1734",1,1,2,20,2,1,0,1,9000
"1735",1,1,1,16,2,1,0,1,40000
"1736",1,6,1,20,1,1,0,1,52000
"1737",1,1,1,16,1,2,0,1,21000
"1738",1,6,1,21,1,1,0,1,94290
"1739",1,6,1,20,2,2,0,1,6400
"1740",1,6,1,16,2,1,0,1,41430
"1741",1,1,1,21,2,1,0,1,15000
"1742",3,1,1,16,2,1,0,1,35220
"1743",1,1,2,22,2,1,0,1,56300
"1744",3,1,2,21,2,1,0,1,26000
"1745",1,6,2,21,1,2,0,1,39500
"1746",1,1,1,19,2,1,0,1,35000
"1747",3,6,2,12,1,1,0,8,18300
"1748",1,1,2,21,2,1,0,1,7000
"1749",1,1,1,19,2,1,0,1,22000
"1750",1,1,1,19,2,1,0,1,28000
"1751",1,1,2,21,2,1,0,1,111000
"1752",1,1,2,18,2,1,0,1,69200
"1753",1,1,1,16,2,1,0,1,1e+05
"1754",3,2,1,16,1,1,0,1,16400
"1755",1,1,1,12,1,1,0,1,17700
"1756",3,1,2,21,2,1,0,1,26000
"1757",1,6,2,22,2,1,0,1,7000
"1758",1,6,1,19,2,1,0,1,28900
"1759",1,6,1,17,2,1,0,1,20200
"1760",1,1,1,16,2,1,0,1,1e+05
"1761",1,1,1,19,1,1,0,1,6000
"1762",3,1,1,22,2,1,0,1,160100
"1763",3,1,2,19,2,1,0,1,3000
"1764",1,1,1,15,2,1,0,1,60000
"1765",1,1,2,18,2,1,0,1,31010
"1766",1,1,1,18,1,1,0,1,97450
"1767",1,6,2,16,1,1,0,1,1900
"1768",1,1,2,17,2,2,0,1,13000
"1769",1,1,1,19,2,1,0,1,55000
"1770",1,6,1,22,1,1,0,1,63700
"1771",1,1,1,16,1,1,0,1,29500
"1772",1,1,1,16,2,1,0,1,90000
"1773",1,1,1,19,2,1,0,1,128000
"1774",1,1,1,22,2,1,0,1,53600
"1775",1,3,2,17,2,2,0,1,5000
"1776",1,1,2,21,2,1,0,1,35000
"1777",1,1,1,16,1,1,0,1,31800
"1778",1,3,1,17,2,2,0,1,550
"1779",1,1,1,18,2,1,0,1,45000
"1780",1,1,1,21,2,1,0,1,1e+05
"1781",1,1,2,20,2,1,0,1,197700
"1782",1,1,1,13,2,1,1,1,5100
"1783",1,1,2,16,2,1,0,1,4000
"1784",1,6,2,16,1,1,0,1,33000
"1785",1,6,2,19,2,1,0,1,39000
"1786",3,6,1,14,2,1,0,1,8800
"1787",1,1,1,19,2,1,0,1,65000
"1788",3,1,1,21,2,1,0,1,64900
"1789",1,1,1,22,2,1,0,1,62000
"1790",1,1,1,16,1,1,0,1,24000
"1791",1,6,2,16,2,1,0,1,9700
"1792",3,3,1,13,2,1,0,3,14310
"1793",1,1,2,16,2,1,0,1,26000
"1794",1,1,2,20,2,1,0,1,43200
"1795",1,1,1,18,2,1,0,1,40000
"1796",1,6,2,18,2,1,0,1,19200
"1797",1,6,2,12,2,1,0,1,27600
"1798",3,6,1,16,1,1,0,1,19500
"1799",1,1,1,20,2,1,0,1,66000
"1800",3,2,2,19,2,1,0,1,3000
"1801",1,4,1,23,2,1,0,1,119000
"1802",1,1,2,21,2,1,0,1,8200
"1803",1,6,1,21,1,1,0,1,67200
"1804",1,1,1,20,2,1,0,1,107800
"1805",1,1,1,19,2,1,0,1,45000
"1806",3,1,1,17,2,1,0,1,55000
"1807",1,6,1,18,2,1,0,1,10520
"1808",3,1,2,13,2,1,0,1,1000
"1809",1,1,1,17,2,1,0,1,28500
"1810",1,6,2,21,2,1,0,1,24800
"1811",3,1,2,20,2,2,0,1,30000
"1812",1,1,1,19,1,1,0,1,49000
"1813",1,1,1,15,2,1,0,1,85000
"1814",3,1,1,21,2,1,0,1,173000
"1815",1,1,1,18,2,1,0,1,32100
"1816",1,6,2,14,2,1,0,1,6000
"1817",3,1,1,15,2,1,0,1,15000
"1818",1,2,1,16,2,1,0,1,132000
"1819",1,1,1,16,2,1,0,1,80000
"1820",1,1,2,19,2,1,0,1,87000
"1821",1,1,1,19,2,1,0,1,108400
"1822",3,1,2,16,2,2,0,1,25000
"1823",3,1,2,21,2,1,0,1,9600
"1824",1,6,1,16,2,1,0,1,12600
"1825",1,6,1,20,2,1,0,1,34550
"1826",1,6,1,18,2,1,0,1,43800
"1827",1,1,1,23,2,2,0,1,125000
"1828",1,1,1,20,2,1,0,1,3220
"1829",3,1,1,22,2,1,0,1,50000
"1830",3,1,1,16,2,1,0,1,51000
"1831",3,1,2,16,2,1,0,1,25100
"1832",1,1,1,21,2,2,0,3,40450
"1833",1,1,1,19,2,1,0,1,63000
"1834",3,1,1,19,2,1,0,1,32000
"1835",1,1,2,14,2,2,0,1,24400
"1836",1,1,1,16,2,1,0,1,51900
"1837",1,6,2,21,1,1,0,1,12900
"1838",1,6,1,16,2,1,0,1,26000
"1839",3,1,2,16,2,1,0,1,4000
"1840",1,6,2,13,2,1,1,1,500
"1841",1,1,1,16,2,1,0,1,48000
"1842",1,6,2,20,2,1,0,1,8800
"1843",1,1,2,19,2,1,0,1,38300
"1844",1,1,1,16,2,1,0,1,75000
"1845",1,6,1,20,1,1,0,8,50700
"1846",1,1,2,21,2,1,0,1,68000
"1847",1,6,1,16,1,1,0,1,20400
"1848",1,1,2,21,2,1,0,1,1e+05
"1849",1,1,2,16,1,1,0,1,35000
"1850",1,1,1,21,1,1,0,1,72000
"1851",1,6,1,19,2,1,0,1,1300
"1852",1,6,1,22,1,1,0,1,43300
"1853",3,6,1,21,2,1,0,1,120000
"1854",1,1,2,21,2,1,0,1,75010
"1855",1,1,1,21,2,1,0,1,96000
"1856",1,1,2,1,2,1,0,1,15700
"1857",3,1,2,16,2,1,0,1,50000
"1858",2,1,2,19,2,1,0,1,20000
"1859",1,1,2,22,2,1,0,1,73000
"1860",1,6,1,9,1,1,0,1,12000
"1861",1,1,2,21,1,1,0,1,6000
"1862",1,6,2,19,2,1,0,1,13000
"1863",1,6,2,20,2,1,0,1,41030
"1864",1,1,1,18,2,2,0,1,12000
"1865",1,1,2,21,2,1,0,1,12300
"1866",1,6,2,19,1,1,0,1,9200
"1867",1,1,1,19,2,1,0,1,48000
"1868",1,6,1,16,2,1,0,3,600
"1869",1,1,1,21,2,1,0,1,63000
"1870",1,6,2,21,2,1,0,1,12000
"1871",1,1,1,20,2,1,0,1,45000
"1872",1,1,1,18,2,2,0,1,27000
"1873",1,1,2,16,2,2,0,1,26000
"1874",1,6,1,22,2,1,0,1,50000
"1875",1,1,2,22,2,1,0,1,77000
"1876",1,1,1,21,2,1,0,1,48000
"1877",1,6,2,19,2,1,0,1,7220
"1878",1,1,2,19,2,1,0,1,20000
"1879",1,6,1,21,1,1,0,1,72000
"1880",1,3,1,22,2,2,0,1,37000
"1881",1,1,2,22,2,1,0,1,70000
"1882",1,6,2,19,2,1,0,1,5000
"1883",1,3,2,21,2,2,0,1,3600
"1884",1,1,1,22,2,1,0,1,87000
"1885",1,6,2,18,2,1,0,1,17300
"1886",1,1,1,18,2,1,0,9,1e+05
"1887",1,1,1,18,2,1,0,1,165000
"1888",1,1,2,19,2,1,0,1,50000
"1889",1,1,2,18,2,1,0,1,8300
"1890",1,1,2,21,2,1,0,1,52000
"1891",3,6,2,16,2,2,0,3,7600
"1892",1,1,1,17,2,1,0,8,46800
"1893",1,6,1,21,2,1,0,1,20000
"1894",1,1,1,21,2,1,0,1,97500
"1895",1,1,2,16,1,1,0,1,32300
"1896",3,1,2,19,2,1,0,1,60000
"1897",1,1,2,21,2,1,0,1,84500
"1898",1,6,2,19,2,1,0,1,13500
"1899",1,1,1,20,2,1,0,1,85000
"1900",1,1,2,14,2,1,0,1,1000
"1901",1,3,1,16,2,1,0,1,380
"1902",3,1,2,21,2,1,0,1,17000
"1903",1,6,2,18,2,1,0,1,15100
"1904",1,1,1,22,2,1,0,1,56130
"1905",1,6,2,21,2,1,0,1,55500
"1906",1,1,1,16,2,1,0,1,77000
"1907",1,6,1,17,2,1,0,1,1600
"1908",1,6,1,15,2,1,0,1,200
"1909",1,6,1,16,2,1,0,1,13100
"1910",1,1,1,16,1,1,0,5,40000
"1911",1,6,1,16,1,1,0,1,8800
"1912",1,6,1,21,2,1,0,1,94000
"1913",1,1,1,19,2,1,0,1,14400
"1914",1,1,2,16,2,1,0,1,35000
"1915",3,6,2,16,1,1,0,1,12450
"1916",3,1,1,17,2,2,0,1,50000
"1917",1,1,1,16,2,1,0,3,75000
"1918",1,1,1,16,2,1,0,1,30000
"1919",1,1,2,22,2,1,0,1,98250
"1920",1,1,2,21,2,1,0,6,30000
"1921",1,1,1,19,2,1,0,1,42040
"1922",1,1,2,14,2,1,0,1,3000
"1923",1,6,1,13,2,1,1,1,4000
"1924",1,6,1,22,2,1,0,1,40500
"1925",1,1,1,18,2,1,0,1,75000
"1926",1,6,1,22,2,1,0,1,108000
"1927",1,6,2,19,1,1,0,1,37210
"1928",1,1,2,16,2,1,0,1,30000
"1929",3,1,2,19,2,1,0,1,52000
"1930",1,1,2,20,1,1,0,1,42000
"1931",1,1,2,15,2,2,0,1,57000
"1932",1,6,1,15,1,1,0,1,20000
"1933",1,1,1,16,2,1,0,1,45000
"1934",1,6,2,13,2,1,0,1,19700
"1935",1,1,1,19,2,1,0,1,30000
"1936",1,6,1,18,1,1,0,1,40400
"1937",1,1,1,17,2,1,0,1,30000
"1938",1,6,1,21,2,1,0,1,15000
"1939",1,6,2,15,2,1,0,1,12000
"1940",1,6,1,20,2,1,0,1,29200
"1941",1,1,2,18,2,1,0,1,2700
"1942",1,6,2,18,2,1,0,1,45000
"1943",1,1,2,21,2,1,0,1,22000
"1944",1,1,2,19,2,1,0,1,43200
"1945",1,1,1,16,2,1,0,1,65000
"1946",1,1,1,16,2,1,0,1,84000
"1947",1,6,2,16,1,1,0,1,39000
"1948",3,1,1,17,2,1,0,1,6120
"1949",1,1,2,18,2,1,0,1,30500
"1950",1,1,2,17,1,1,0,1,37000
"1951",3,6,2,19,2,1,0,1,8000
"1952",1,6,1,19,2,1,0,1,61200
"1953",1,6,2,19,1,1,0,1,14920
"1954",1,1,1,16,2,1,0,1,65000
"1955",1,1,2,16,2,1,0,3,40000
"1956",3,1,1,16,2,1,0,1,79000
"1957",1,6,2,19,2,1,0,9,69400
"1958",1,3,2,16,2,1,0,1,13000
"1959",1,1,1,21,2,1,0,1,25820
"1960",1,1,1,19,2,1,0,1,135600
"1961",1,1,2,24,2,1,0,1,64000
"1962",1,6,1,18,1,1,0,1,21300
"1963",1,1,1,20,2,1,0,1,85000
"1964",1,1,1,19,2,1,0,1,64000
"1965",1,1,2,21,2,1,0,1,48000
"1966",1,6,1,20,2,1,0,9,6300
"1967",1,6,2,19,1,1,0,1,26600
"1968",1,1,1,17,2,1,0,8,56110
"1969",1,1,1,16,2,1,0,9,55000
"1970",1,1,2,20,2,2,0,1,112600
"1971",1,1,2,22,2,1,0,1,80000
"1972",1,1,1,16,1,1,0,1,54400
"1973",1,6,2,15,2,1,0,1,9800
"1974",1,1,2,22,2,1,0,1,70000
"1975",1,1,2,19,1,1,0,1,3750
"1976",1,1,2,18,2,1,0,1,24000
"1977",1,1,1,21,2,1,0,1,78000
"1978",1,1,1,19,1,1,0,3,72500
"1979",1,1,1,19,2,2,0,1,34000
"1980",1,1,2,20,2,1,0,1,12000
"1981",1,1,1,16,1,1,0,1,47900
"1982",3,1,2,21,1,1,0,1,11000
"1983",1,1,1,18,2,1,0,1,10400
"1984",1,1,1,16,2,2,0,8,20000
"1985",1,1,2,16,2,2,0,1,16000
"1986",1,6,2,17,1,1,0,3,20300
"1987",1,2,1,16,2,2,0,1,101000
"1988",1,1,2,19,2,1,0,1,32000
"1989",1,1,1,16,1,1,0,1,4500
"1990",3,1,1,21,2,1,0,1,48000
"1991",1,6,2,10,1,1,0,8,7200
"1992",1,1,1,17,2,1,0,1,36000
"1993",1,2,1,18,2,1,0,1,56400
"1994",1,1,2,21,2,1,0,1,44900
"1995",1,1,1,16,1,1,0,1,120000
"1996",1,1,1,16,2,1,0,1,60000
"1997",1,6,1,19,2,1,0,1,43000
"1998",1,1,1,19,2,1,0,8,53000
"1999",1,1,1,12,2,2,0,1,60000
"2000",3,1,1,19,2,1,0,1,45600
